trade_id,zone_id,entry_odds,bet_size,pnl,outcome,capital_before,capital_after,entry_time,resolution_time
1,A8,0.61,22.0,12.94393442622951,WIN,100.0,112.9439344262295,2026-04-27 05:06:14.354353+00:00,2026-04-27 05:10:00.043066+00:00
2,A8,0.63,22.0,11.827619047619045,WIN,112.9439344262295,124.77155347384854,2026-04-27 05:06:34.409635+00:00,2026-04-27 05:10:00.010536+00:00
3,A6,0.92,31.0,1.5432608695652164,WIN,124.77155347384854,126.31481434341376,2026-04-27 05:16:45.082717+00:00,2026-04-27 05:20:00.017341+00:00
5,A8,0.56,27.0,19.738928571428566,WIN,126.31481434341376,146.05374291484233,2026-04-27 05:21:45.388240+00:00,2026-04-27 05:25:00.010885+00:00
7,A6,0.77,36.0,9.224415584415581,WIN,146.05374291484233,155.27815849925793,2026-04-27 05:26:15.686100+00:00,2026-04-27 05:30:00.013676+00:00
8,A6,0.74,36.0,11.072432432432429,WIN,155.27815849925793,166.35059093169036,2026-04-27 05:26:25.702137+00:00,2026-04-27 05:30:00.009855+00:00
9,A6,0.77,15.0,3.843506493506492,WIN,166.35059093169036,170.19409742519684,2026-04-27 05:26:35.722815+00:00,2026-04-27 05:30:00.014766+00:00
12,A7,0.34,14.0,-14.0,LOSS,170.19409742519684,156.19409742519684,2026-04-27 05:42:16.823999+00:00,2026-04-27 05:45:00.010532+00:00
17,A3,0.31,16.0,-16.0,LOSS,156.19409742519684,140.19409742519684,2026-04-27 08:06:38.194296+00:00,2026-04-27 08:10:00.011860+00:00
18,A3,0.27,16.0,-16.0,LOSS,140.19409742519684,124.19409742519684,2026-04-27 08:06:48.232359+00:00,2026-04-27 08:10:00.014259+00:00
21,A5,0.62,31.0,17.440000000000005,WIN,124.19409742519684,141.63409742519684,2026-04-27 08:12:29.430315+00:00,2026-04-27 08:15:00.010529+00:00
22,A7,0.26,10.0,-10.0,LOSS,141.63409742519684,131.63409742519684,2026-04-27 08:12:59.520922+00:00,2026-04-27 08:15:00.024219+00:00
26,A3,0.26,13.0,-13.0,LOSS,131.63409742519684,118.63409742519684,2026-04-27 08:26:11.056480+00:00,2026-04-27 08:30:00.013557+00:00
47,A2,0.2,14.0,54.11,WIN,118.63409742519684,172.74409742519686,2026-04-27 09:07:57.921369+00:00,2026-04-27 09:10:00.016073+00:00
49,A5,0.61,29.0,-29.0,LOSS,172.74409742519686,143.74409742519686,2026-04-27 09:08:18.095774+00:00,2026-04-27 09:10:00.012866+00:00
55,A4,0.59,35.0,-35.0,LOSS,143.74409742519686,108.74409742519686,2026-04-27 09:37:13.101480+00:00,2026-04-27 09:40:00.014487+00:00
56,A4,0.63,35.0,-35.0,LOSS,108.74409742519686,73.74409742519686,2026-04-27 09:37:23.122329+00:00,2026-04-27 09:40:00.011592+00:00
61,A2,0.18,8.0,35.25333333333333,WIN,73.74409742519686,108.99743075853019,2026-04-27 10:02:07.265142+00:00,2026-04-27 10:05:00.012687+00:00
66,A7,0.26,9.0,24.659999999999997,WIN,108.99743075853019,133.65743075853018,2026-04-27 10:13:18.773593+00:00,2026-04-27 10:15:00.009821+00:00
67,A7,0.3,9.0,20.160000000000004,WIN,133.65743075853018,153.81743075853018,2026-04-27 10:13:28.795763+00:00,2026-04-27 10:15:00.014779+00:00
74,A5,0.56,38.0,27.780714285714282,WIN,153.81743075853018,181.59814504424446,2026-04-27 10:28:01.155924+00:00,2026-04-27 10:30:00.017372+00:00
78,A7,0.26,15.0,-15.0,LOSS,181.59814504424446,166.59814504424446,2026-04-27 10:32:12.022362+00:00,2026-04-27 10:35:00.013718+00:00
79,A2,0.21,21.0,-21.0,LOSS,166.59814504424446,145.59814504424446,2026-04-27 10:32:42.096225+00:00,2026-04-27 10:35:00.012665+00:00
80,A7,0.33,15.0,29.16818181818182,WIN,145.59814504424446,174.7663268624263,2026-04-27 10:33:02.151313+00:00,2026-04-27 10:35:00.016312+00:00
83,A7,0.29,14.0,-14.0,LOSS,174.7663268624263,160.7663268624263,2026-04-27 10:37:02.531219+00:00,2026-04-27 10:40:00.015850+00:00
84,A7,0.27,14.0,-14.0,LOSS,160.7663268624263,146.7663268624263,2026-04-27 10:37:12.552406+00:00,2026-04-27 10:40:00.012134+00:00
85,A7,0.28,14.0,-14.0,LOSS,146.7663268624263,132.7663268624263,2026-04-27 10:37:22.577444+00:00,2026-04-27 10:40:00.014505+00:00
92,A5,0.62,33.0,18.565161290322585,WIN,132.7663268624263,151.33148815274888,2026-04-27 10:48:14.284105+00:00,2026-04-27 10:50:00.016159+00:00
93,A5,0.56,33.0,24.125357142857133,WIN,151.33148815274888,175.456845295606,2026-04-27 10:48:24.321161+00:00,2026-04-27 10:50:00.012307+00:00
99,A7,0.36,14.0,23.776666666666664,WIN,175.456845295606,199.23351196227267,2026-04-27 10:57:05.270293+00:00,2026-04-27 11:00:00.014453+00:00
100,A7,0.35,14.0,24.86,WIN,199.23351196227267,224.09351196227266,2026-04-27 10:57:15.298180+00:00,2026-04-27 11:00:00.019650+00:00
101,A7,0.35,14.0,24.86,WIN,224.09351196227266,248.95351196227267,2026-04-27 10:57:25.340056+00:00,2026-04-27 11:00:00.013033+00:00
105,A7,0.3,21.0,47.040000000000006,WIN,248.95351196227267,295.9935119622727,2026-04-27 11:02:25.860122+00:00,2026-04-27 11:05:00.012077+00:00
106,A7,0.26,21.0,57.53999999999999,WIN,295.9935119622727,353.53351196227266,2026-04-27 11:02:35.880217+00:00,2026-04-27 11:05:00.012816+00:00
113,A7,0.38,30.0,-30.0,LOSS,353.53351196227266,323.53351196227266,2026-04-27 11:12:07.088095+00:00,2026-04-27 11:15:00.026588+00:00
114,A7,0.31,30.0,-30.0,LOSS,323.53351196227266,293.53351196227266,2026-04-27 11:12:17.123516+00:00,2026-04-27 11:15:00.012101+00:00
115,A2,0.2,42.0,-42.0,LOSS,293.53351196227266,251.53351196227266,2026-04-27 11:12:37.174790+00:00,2026-04-27 11:15:00.020771+00:00
116,A4,0.6,62.0,-62.0,LOSS,251.53351196227266,189.53351196227266,2026-04-27 11:17:48.037675+00:00,2026-04-27 11:20:00.013949999+00:00
120,A5,0.63,47.0,-47.0,LOSS,189.53351196227266,142.53351196227266,2026-04-27 11:32:21.335792+00:00,2026-04-27 11:35:00.013271+00:00
123,A7,0.31,12.0,-12.0,LOSS,142.53351196227266,130.53351196227266,2026-04-27 11:42:02.347949+00:00,2026-04-27 11:45:00.012227+00:00
124,A7,0.25,12.0,-12.0,LOSS,130.53351196227266,118.53351196227266,2026-04-27 11:43:02.469508+00:00,2026-04-27 11:45:00.011465+00:00
127,A7,0.36,10.0,-10.0,LOSS,118.53351196227266,108.53351196227266,2026-04-27 11:47:23.072900+00:00,2026-04-27 11:50:00.010404+00:00
144,A2,0.22,13.0,-13.0,LOSS,108.53351196227266,95.53351196227266,2026-04-27 12:07:56.627669+00:00,2026-04-27 12:10:00.013137+00:00
145,A2,0.2,13.0,-13.0,LOSS,95.53351196227266,82.53351196227266,2026-04-27 12:08:16.669958+00:00,2026-04-27 12:10:00.012385+00:00
156,A5,0.58,20.0,-20.0,LOSS,82.53351196227266,62.533511962272655,2026-04-27 12:17:37.940515+00:00,2026-04-27 12:20:00.013741+00:00
158,A4,0.56,20.0,-20.0,LOSS,62.533511962272655,42.533511962272655,2026-04-27 12:17:58.205131+00:00,2026-04-27 12:20:00.016664999+00:00
168,A7,0.25,3.0,-3.0,LOSS,42.533511962272655,39.533511962272655,2026-04-27 12:22:29.040686+00:00,2026-04-27 12:25:00.033350+00:00
171,A2,0.16,4.0,-4.0,LOSS,39.533511962272655,35.533511962272655,2026-04-27 12:27:40.210421+00:00,2026-04-27 12:30:00.024078+00:00
182,A8,0.65,7.0,-7.0,LOSS,35.533511962272655,28.533511962272655,2026-04-27 12:46:23.339118+00:00,2026-04-27 12:50:00.014312+00:00
187,A4,0.57,8.0,-8.0,LOSS,28.533511962272655,20.533511962272655,2026-04-27 12:48:13.647191+00:00,2026-04-27 12:50:00.017718+00:00
192,A4,0.61,5.0,2.941803278688525,WIN,20.533511962272655,23.47531524096118,2026-04-27 12:57:04.851905+00:00,2026-04-27 13:00:00.023029+00:00
193,A4,0.66,5.0,2.336363636363636,WIN,23.47531524096118,25.811678877324816,2026-04-27 12:57:34.934065+00:00,2026-04-27 13:00:00.013147+00:00
196,A7,0.38,2.0,3.1115789473684217,WIN,25.811678877324816,28.923257824693238,2026-04-27 13:02:15.531152+00:00,2026-04-27 13:05:00.022360+00:00
203,A5,0.55,7.0,5.33909090909091,WIN,28.923257824693238,34.26234873378415,2026-04-27 13:12:36.952664+00:00,2026-04-27 13:15:00.012142+00:00
204,A4,0.65,7.0,3.429999999999998,WIN,34.26234873378415,37.69234873378415,2026-04-27 13:12:46.976826+00:00,2026-04-27 13:15:00.015547+00:00
207,A8,0.63,8.0,-8.0,LOSS,37.69234873378415,29.69234873378415,2026-04-27 13:31:09.748730+00:00,2026-04-27 13:35:00.013199+00:00
211,A4,0.69,9.0,3.627391304347828,WIN,29.69234873378415,33.31974003813198,2026-04-27 13:32:10.369666+00:00,2026-04-27 13:35:00.024427+00:00
215,A4,0.68,5.0,2.1191176470588227,WIN,33.31974003813198,35.438857685190804,2026-04-27 13:33:20.658845+00:00,2026-04-27 13:35:00.013627+00:00
217,A8,0.64,7.0,3.5940624999999997,WIN,35.438857685190804,39.032920185190804,2026-04-27 13:36:00.837607+00:00,2026-04-27 13:40:00.013482+00:00
228,A6,0.87,9.0,0.9962068965517226,WIN,39.032920185190804,40.02912708174253,2026-04-27 13:41:51.561986+00:00,2026-04-27 13:45:00.016329+00:00
239,A8,0.59,8.0,5.140338983050848,WIN,40.02912708174253,45.169466064793376,2026-04-27 14:06:05.631461+00:00,2026-04-27 14:10:00.018784+00:00
240,A8,0.63,8.0,4.3009523809523795,WIN,45.169466064793376,49.47041844574576,2026-04-27 14:06:15.672057+00:00,2026-04-27 14:10:00.024351+00:00
241,A6,0.92,8.0,0.3982608695652168,WIN,49.47041844574576,49.86867931531097,2026-04-27 14:06:35.731714+00:00,2026-04-27 14:10:00.015807+00:00
262,A8,0.6,11.0,6.765000000000001,WIN,49.86867931531097,56.63367931531097,2026-04-27 14:31:08.874474+00:00,2026-04-27 14:35:00.015605+00:00
267,A4,0.55,14.0,-14.0,LOSS,56.63367931531097,42.63367931531097,2026-04-27 14:42:30.858112+00:00,2026-04-27 14:45:00.011517+00:00
272,A6,0.87,10.0,1.1068965517241374,WIN,42.63367931531097,43.740575867035105,2026-04-27 14:56:12.599072+00:00,2026-04-27 15:00:00.017273+00:00
273,A6,0.85,10.0,1.3705882352941163,WIN,43.740575867035105,45.11116410232922,2026-04-27 14:56:22.625312+00:00,2026-04-27 15:00:00.016289+00:00
279,A6,0.82,11.0,1.9692682926829264,WIN,45.11116410232922,47.080432395012146,2026-04-27 15:06:05.220725+00:00,2026-04-27 15:10:00.017565+00:00
280,A6,0.86,11.0,1.3609302325581396,WIN,47.080432395012146,48.441362627570285,2026-04-27 15:06:15.273972+00:00,2026-04-27 15:10:00.022257+00:00
281,A6,0.88,5.0,0.4897727272727277,WIN,48.441362627570285,48.931135354843015,2026-04-27 15:06:35.323268+00:00,2026-04-27 15:10:00.013423+00:00
285,A8,0.62,10.0,5.625806451612904,WIN,48.931135354843015,54.55694180645592,2026-04-27 15:16:06.544974+00:00,2026-04-27 15:20:00.014369+00:00
286,A8,0.6,10.0,6.149999999999999,WIN,54.55694180645592,60.706941806455916,2026-04-27 15:16:16.574029+00:00,2026-04-27 15:20:00.014394+00:00
287,A8,0.61,9.0,5.295245901639346,WIN,60.706941806455916,66.00218770809526,2026-04-27 15:16:26.595252+00:00,2026-04-27 15:20:00.013852+00:00
291,A6,0.85,16.0,2.192941176470587,WIN,66.00218770809526,68.19512888456585,2026-04-27 15:21:57.606199+00:00,2026-04-27 15:25:00.016022+00:00
295,A3,0.29,7.0,-7.0,LOSS,68.19512888456585,61.19512888456585,2026-04-27 18:31:56.864772+00:00,2026-04-27 18:35:00.015493+00:00
301,A3,0.32,6.0,12.221250000000001,WIN,61.19512888456585,73.41637888456584,2026-04-27 18:36:27.310427+00:00,2026-04-27 18:40:00.016204+00:00
306,A3,0.28,7.0,-7.0,LOSS,73.41637888456584,66.41637888456584,2026-04-27 18:46:08.705832+00:00,2026-04-27 18:50:00.016684+00:00
307,A1,0.18,6.0,-6.0,LOSS,66.41637888456584,60.416378884565844,2026-04-27 18:46:18.733249+00:00,2026-04-27 18:50:00.013779+00:00
316,A7,0.27,5.0,-5.0,LOSS,60.416378884565844,55.416378884565844,2026-04-27 18:58:20.457179+00:00,2026-04-27 19:00:00.013130+00:00
317,A1,0.22,5.0,17.109090909090913,WIN,55.416378884565844,72.52546979365675,2026-04-27 19:01:20.744690+00:00,2026-04-27 19:05:00.017227+00:00
323,A7,0.38,6.0,9.334736842105265,WIN,72.52546979365675,81.86020663576201,2026-04-27 19:17:13.343881+00:00,2026-04-27 19:20:00.014085+00:00
335,A5,0.55,20.0,-20.0,LOSS,81.86020663576201,61.86020663576201,2026-04-27 19:37:05.941953+00:00,2026-04-27 19:40:00.012787+00:00
337,A6,0.9,15.0,1.0999999999999979,WIN,61.86020663576201,62.960206635762006,2026-04-27 19:41:06.360676+00:00,2026-04-27 19:45:00.014877+00:00
338,A6,0.93,15.0,0.5758064516129018,WIN,62.960206635762006,63.53601308737491,2026-04-27 19:41:26.398586+00:00,2026-04-27 19:45:00.011173+00:00
343,A5,0.55,15.0,11.440909090909091,WIN,63.53601308737491,74.976922178284,2026-04-27 19:52:08.107624+00:00,2026-04-27 19:55:00.011755+00:00
344,A4,0.62,15.0,8.438709677419357,WIN,74.976922178284,83.41563185570335,2026-04-27 19:52:48.214267+00:00,2026-04-27 19:55:00.010931999+00:00
351,A8,0.66,18.0,-18.0,LOSS,83.41563185570335,65.41563185570335,2026-04-27 20:06:30.339441+00:00,2026-04-27 20:10:00.012521+00:00
352,A8,0.67,18.0,-18.0,LOSS,65.41563185570335,47.41563185570335,2026-04-27 20:06:40.376587+00:00,2026-04-27 20:10:00.013583+00:00
363,A1,0.16,4.0,20.335,WIN,47.41563185570335,67.75063185570335,2026-04-27 20:26:33.319995+00:00,2026-04-27 20:30:00.015750+00:00
369,A1,0.16,6.0,-6.0,LOSS,67.75063185570335,61.75063185570335,2026-04-27 20:41:35.188950+00:00,2026-04-27 20:45:00.017355+00:00
371,A1,0.17,5.0,-5.0,LOSS,61.75063185570335,56.75063185570335,2026-04-27 20:46:05.816863+00:00,2026-04-27 20:50:00.017206+00:00
372,A2,0.18,7.0,-7.0,LOSS,56.75063185570335,49.75063185570335,2026-04-27 20:47:56.302828+00:00,2026-04-27 20:50:00.013864+00:00
373,A2,0.16,7.0,-7.0,LOSS,49.75063185570335,42.75063185570335,2026-04-27 20:48:06.328862+00:00,2026-04-27 20:50:00.015929+00:00
378,A4,0.59,10.0,-10.0,LOSS,42.75063185570335,32.75063185570335,2026-04-27 20:52:27.263689+00:00,2026-04-27 20:55:00.012308+00:00
379,A4,0.63,10.0,-10.0,LOSS,32.75063185570335,22.750631855703347,2026-04-27 20:52:47.315597+00:00,2026-04-27 20:55:00.014357+00:00
381,A4,0.55,5.0,-5.0,LOSS,22.750631855703347,17.750631855703347,2026-04-27 20:53:07.688848+00:00,2026-04-27 20:55:00.015135+00:00
387,A4,0.56,4.0,2.9242857142857135,WIN,17.750631855703347,20.67491756998906,2026-04-27 20:57:18.084536+00:00,2026-04-27 21:00:00.012162+00:00
389,A4,0.66,4.0,1.8690909090909091,WIN,20.67491756998906,22.54400847907997,2026-04-27 20:57:38.146508+00:00,2026-04-27 21:00:00.015419+00:00
390,A4,0.59,2.0,1.285084745762712,WIN,22.54400847907997,23.829093224842683,2026-04-27 20:57:48.180069+00:00,2026-04-27 21:00:00.013953+00:00
394,A1,0.2,2.0,-2.0,LOSS,23.829093224842683,21.829093224842683,2026-04-27 21:01:08.508614+00:00,2026-04-27 21:05:00.011137+00:00
401,A7,0.32,1.0,-1.0,LOSS,21.829093224842683,20.829093224842683,2026-04-27 21:08:19.683093+00:00,2026-04-27 21:10:00.012796+00:00
402,A7,0.36,1.0,-1.0,LOSS,20.829093224842683,19.829093224842683,2026-04-27 21:08:29.706113+00:00,2026-04-27 21:10:00.012261+00:00
405,A2,0.23,2.0,6.458260869565217,WIN,19.829093224842683,26.287354094407902,2026-04-27 21:17:10.573904+00:00,2026-04-27 21:20:00.012423+00:00
406,A2,0.19,2.0,8.243157894736843,WIN,26.287354094407902,34.53051198914474,2026-04-27 21:17:20.611303+00:00,2026-04-27 21:20:00.015545+00:00
412,A7,0.35,2.0,3.5514285714285716,WIN,34.53051198914474,38.081940560573315,2026-04-27 21:22:41.172436+00:00,2026-04-27 21:25:00.014610+00:00
413,A7,0.33,2.0,3.8890909090909096,WIN,38.081940560573315,41.971031469664226,2026-04-27 21:23:11.239141+00:00,2026-04-27 21:25:00.013299+00:00
414,A4,0.64,8.0,-8.0,LOSS,41.971031469664226,33.971031469664226,2026-04-27 21:23:21.260511+00:00,2026-04-27 21:25:00.011368+00:00
417,A3,0.3,3.0,-3.0,LOSS,33.971031469664226,30.971031469664226,2026-04-27 21:26:21.484196+00:00,2026-04-27 21:30:00.014456+00:00
432,A8,0.63,6.0,-6.0,LOSS,30.971031469664226,24.971031469664226,2026-04-27 21:36:52.920712+00:00,2026-04-27 21:40:00.011918+00:00
443,A7,0.35,2.0,-2.0,LOSS,24.971031469664226,22.971031469664226,2026-04-27 21:42:23.558053+00:00,2026-04-27 21:45:00.011577+00:00
444,A4,0.58,6.0,-6.0,LOSS,22.971031469664226,16.971031469664226,2026-04-27 21:42:53.702534+00:00,2026-04-27 21:45:00.013990+00:00
446,A7,0.36,2.0,-2.0,LOSS,16.971031469664226,14.971031469664226,2026-04-27 21:43:13.745195+00:00,2026-04-27 21:45:00.012140+00:00
453,A8,0.67,3.0,1.3356716417910448,WIN,14.971031469664226,16.30670311145527,2026-04-27 22:01:26.237980+00:00,2026-04-27 22:05:00.015539+00:00
454,A8,0.67,3.0,1.3356716417910448,WIN,16.30670311145527,17.642374753246315,2026-04-27 22:01:36.266932+00:00,2026-04-27 22:05:00.016818+00:00
455,A8,0.64,2.0,1.026875,WIN,17.642374753246315,18.669249753246316,2026-04-27 22:01:46.291048+00:00,2026-04-27 22:05:00.013016+00:00
462,A8,0.68,4.0,1.695294117647058,WIN,18.669249753246316,20.364543870893375,2026-04-27 22:06:16.889466+00:00,2026-04-27 22:10:00.016437+00:00
467,A7,0.29,1.0,-1.0,LOSS,20.364543870893375,19.364543870893375,2026-04-27 22:12:27.948359+00:00,2026-04-27 22:15:00.013744+00:00
469,A2,0.22,2.0,-2.0,LOSS,19.364543870893375,17.364543870893375,2026-04-27 22:12:58.033385+00:00,2026-04-27 22:15:00.013369+00:00
470,A2,0.23,2.0,-2.0,LOSS,17.364543870893375,15.364543870893375,2026-04-27 22:13:08.060617+00:00,2026-04-27 22:15:00.012902+00:00
473,A2,0.22,1.0,3.4218181818181828,WIN,15.364543870893375,18.786362052711556,2026-04-27 22:17:38.542866+00:00,2026-04-27 22:20:00.011142+00:00
475,A2,0.23,1.0,3.2291304347826086,WIN,18.786362052711556,22.015492487494164,2026-04-27 22:18:08.611474+00:00,2026-04-27 22:20:00.010898+00:00
476,A2,0.2,1.0,3.865,WIN,22.015492487494164,25.880492487494166,2026-04-27 22:18:28.654723+00:00,2026-04-27 22:20:00.014823+00:00
482,A4,0.62,6.0,3.3754838709677433,WIN,25.880492487494166,29.255976358461908,2026-04-27 22:23:29.318972+00:00,2026-04-27 22:25:00.012859+00:00
486,A8,0.6,6.0,3.6899999999999995,WIN,29.255976358461908,32.945976358461905,2026-04-27 22:26:39.536361+00:00,2026-04-27 22:30:00.017972+00:00
503,A4,0.63,8.0,4.3009523809523795,WIN,32.945976358461905,37.24692873941429,2026-04-27 22:37:10.749869+00:00,2026-04-27 22:40:00.011716+00:00
504,A4,0.59,8.0,5.140338983050848,WIN,37.24692873941429,42.38726772246513,2026-04-27 22:37:20.767319+00:00,2026-04-27 22:40:00.010401+00:00
506,A4,0.56,3.0,2.1932142857142853,WIN,42.38726772246513,44.580482008179416,2026-04-27 22:37:50.886509+00:00,2026-04-27 22:40:00.011268+00:00
514,A4,0.66,11.0,5.140000000000001,WIN,44.580482008179416,49.72048200817942,2026-04-27 22:42:51.717672+00:00,2026-04-27 22:45:00.014081+00:00
519,A8,0.55,10.0,7.627272727272725,WIN,49.72048200817942,57.34775473545214,2026-04-27 22:46:12.009735+00:00,2026-04-27 22:50:00.012574+00:00
520,A8,0.57,10.0,7.005263157894738,WIN,57.34775473545214,64.35301789334687,2026-04-27 22:46:22.028468+00:00,2026-04-27 22:50:00.010803+00:00
521,A8,0.68,9.0,3.8144117647058806,WIN,64.35301789334687,68.16742965805275,2026-04-27 22:46:32.052564+00:00,2026-04-27 22:50:00.017215+00:00
533,A7,0.33,5.0,-5.0,LOSS,68.16742965805275,63.167429658052754,2026-04-27 22:53:23.016409+00:00,2026-04-27 22:55:00.012397+00:00
536,A7,0.31,5.0,-5.0,LOSS,63.167429658052754,58.167429658052754,2026-04-27 22:57:03.354575+00:00,2026-04-27 23:00:00.016752+00:00
537,A7,0.38,5.0,-5.0,LOSS,58.167429658052754,53.167429658052754,2026-04-27 22:57:23.417248+00:00,2026-04-27 23:00:00.012375+00:00
542,A2,0.15,6.0,-6.0,LOSS,53.167429658052754,47.167429658052754,2026-04-27 23:02:54.352752+00:00,2026-04-27 23:05:00.014751+00:00
545,A4,0.64,11.0,5.647812500000001,WIN,47.167429658052754,52.815242158052754,2026-04-27 23:12:05.420043+00:00,2026-04-27 23:15:00.015998+00:00
546,A4,0.65,11.0,5.389999999999997,WIN,52.815242158052754,58.205242158052755,2026-04-27 23:12:15.446303+00:00,2026-04-27 23:15:00.012447+00:00
547,A4,0.55,6.0,4.576363636363636,WIN,58.205242158052755,62.78160579441639,2026-04-27 23:12:25.468712+00:00,2026-04-27 23:15:00.013431+00:00
554,A1,0.22,5.0,-5.0,LOSS,62.78160579441639,57.78160579441639,2026-04-27 23:16:05.815712+00:00,2026-04-27 23:20:00.012963+00:00
556,A6,0.92,15.0,0.746739130434781,WIN,57.78160579441639,58.528344924851176,2026-04-27 23:16:55.913766+00:00,2026-04-27 23:20:00.012607+00:00
582,A7,0.36,4.0,6.793333333333333,WIN,58.528344924851176,65.3216782581845,2026-04-27 23:37:08.639283+00:00,2026-04-27 23:40:00.014556+00:00
586,A4,0.58,16.0,10.736551724137932,WIN,65.3216782581845,76.05822998232244,2026-04-27 23:48:11.040704+00:00,2026-04-27 23:50:00.011484+00:00
598,A8,0.65,16.0,-16.0,LOSS,76.05822998232244,60.058229982322445,2026-04-28 00:11:04.709458+00:00,2026-04-28 00:15:00.017982+00:00
599,A8,0.68,16.0,-16.0,LOSS,60.058229982322445,44.058229982322445,2026-04-28 00:11:14.731615+00:00,2026-04-28 00:15:00.012175+00:00
608,A8,0.58,9.0,-9.0,LOSS,44.058229982322445,35.058229982322445,2026-04-28 00:16:15.528321+00:00,2026-04-28 00:20:00.012276+00:00
629,A7,0.29,2.0,-2.0,LOSS,35.058229982322445,33.058229982322445,2026-04-28 00:28:16.911264+00:00,2026-04-28 00:30:00.011640+00:00
641,A8,0.62,7.0,3.9380645161290335,WIN,33.058229982322445,36.996294498451476,2026-04-28 00:36:07.974734+00:00,2026-04-28 00:40:00.012980+00:00
649,A8,0.6,8.0,4.92,WIN,36.996294498451476,41.91629449845148,2026-04-28 00:41:08.616700+00:00,2026-04-28 00:45:00.022191+00:00
664,A8,0.55,9.0,6.864545454545453,WIN,41.91629449845148,48.78083995299693,2026-04-28 00:46:19.333503+00:00,2026-04-28 00:50:00.018108+00:00
665,A8,0.65,9.0,4.409999999999998,WIN,48.78083995299693,53.190839952996924,2026-04-28 00:46:29.359638+00:00,2026-04-28 00:50:00.013418+00:00
666,A8,0.55,7.0,5.33909090909091,WIN,53.190839952996924,58.52993086208784,2026-04-28 00:46:39.476803+00:00,2026-04-28 00:50:00.015682+00:00
676,A1,0.19,5.0,-5.0,LOSS,58.52993086208784,53.52993086208784,2026-04-28 00:51:30.367917+00:00,2026-04-28 00:55:00.011431+00:00
677,A1,0.18,5.0,-5.0,LOSS,53.52993086208784,48.52993086208784,2026-04-28 00:51:50.412380+00:00,2026-04-28 00:55:00.014695+00:00
680,A7,0.38,4.0,6.223157894736843,WIN,48.52993086208784,54.75308875682468,2026-04-28 00:58:11.193344+00:00,2026-04-28 01:00:00.010495+00:00
683,A8,0.62,12.0,6.7509677419354865,WIN,54.75308875682468,61.504056498760164,2026-04-28 01:01:31.489423+00:00,2026-04-28 01:05:00.016195+00:00
687,A7,0.33,5.0,-5.0,LOSS,61.504056498760164,56.504056498760164,2026-04-28 01:07:52.240516+00:00,2026-04-28 01:10:00.013752+00:00
689,A7,0.35,4.0,-4.0,LOSS,56.504056498760164,52.504056498760164,2026-04-28 01:13:12.868974+00:00,2026-04-28 01:15:00.012089+00:00
692,A4,0.61,13.0,7.648688524590167,WIN,52.504056498760164,60.152745023350334,2026-04-28 01:17:33.339841+00:00,2026-04-28 01:20:00.013951+00:00
698,A7,0.39,5.0,-5.0,LOSS,60.152745023350334,55.152745023350334,2026-04-28 01:22:43.966283+00:00,2026-04-28 01:25:00.014703999+00:00
700,A4,0.58,13.0,8.723448275862069,WIN,55.152745023350334,63.8761932992124,2026-04-28 01:27:04.469015+00:00,2026-04-28 01:30:00.014604+00:00
701,A4,0.62,13.0,7.313548387096777,WIN,63.8761932992124,71.18974168630918,2026-04-28 01:27:24.547109+00:00,2026-04-28 01:30:00.011774+00:00
704,A4,0.61,7.0,4.1185245901639345,WIN,71.18974168630918,75.3082662764731,2026-04-28 01:28:14.659650+00:00,2026-04-28 01:30:00.012700+00:00
706,A8,0.59,16.0,10.280677966101695,WIN,75.3082662764731,85.5889442425748,2026-04-28 01:31:24.928626+00:00,2026-04-28 01:35:00.015320+00:00
712,A6,0.77,21.0,5.380909090909089,WIN,85.5889442425748,90.96985333348388,2026-04-28 13:31:52.820524+00:00,2026-04-28 13:35:00.010013+00:00
714,A4,0.55,21.0,-21.0,LOSS,90.96985333348388,69.96985333348388,2026-04-28 13:33:12.991682+00:00,2026-04-28 13:35:00.010482+00:00
715,A4,0.58,9.0,-9.0,LOSS,69.96985333348388,60.96985333348388,2026-04-28 13:33:23.014362+00:00,2026-04-28 13:35:00.011830+00:00
717,A8,0.66,13.0,6.074545454545454,WIN,60.96985333348388,67.04439878802934,2026-04-28 13:46:04.116276+00:00,2026-04-28 13:50:00.010885+00:00
725,A6,0.87,16.0,1.771034482758619,WIN,67.04439878802934,68.81543327078796,2026-04-28 14:16:26.912018+00:00,2026-04-28 14:20:00.012255+00:00
731,A8,0.66,15.0,7.009090909090908,WIN,68.81543327078796,75.82452417987886,2026-04-28 14:36:18.793005+00:00,2026-04-28 14:40:00.012619+00:00
732,A8,0.66,15.0,7.009090909090908,WIN,75.82452417987886,82.83361508896976,2026-04-28 14:36:28.816879+00:00,2026-04-28 14:40:00.011942+00:00
738,A3,0.35,8.0,-8.0,LOSS,82.83361508896976,74.83361508896976,2026-04-28 14:41:59.458061+00:00,2026-04-28 14:45:00.009770+00:00
745,A8,0.65,16.0,-16.0,LOSS,74.83361508896976,58.833615088969765,2026-04-28 14:51:30.336364+00:00,2026-04-28 14:55:00.009756+00:00
753,A7,0.34,5.0,9.288235294117646,WIN,58.833615088969765,68.1218503830874,2026-04-28 15:13:12.475974+00:00,2026-04-28 15:15:00.010496+00:00
754,A7,0.33,5.0,-5.0,LOSS,68.1218503830874,63.121850383087406,2026-04-28 15:18:12.960418+00:00,2026-04-28 15:20:00.010038+00:00
755,A3,0.36,6.0,-6.0,LOSS,63.121850383087406,57.121850383087406,2026-04-28 15:21:33.227160+00:00,2026-04-28 15:25:00.011087+00:00
763,A3,0.31,5.0,10.675806451612907,WIN,57.121850383087406,67.79765683470032,2026-04-28 15:36:14.622441+00:00,2026-04-28 15:40:00.009720+00:00
765,A3,0.3,7.0,15.68,WIN,67.79765683470032,83.47765683470033,2026-04-28 15:41:15.084187+00:00,2026-04-28 15:45:00.009302+00:00
766,A7,0.36,5.0,-5.0,LOSS,83.47765683470033,78.47765683470033,2026-04-28 15:42:15.213441+00:00,2026-04-28 15:45:00.009529+00:00
767,A8,0.61,17.0,-17.0,LOSS,78.47765683470033,61.477656834700326,2026-04-28 15:46:05.504947+00:00,2026-04-28 15:50:00.010431+00:00
775,A1,0.22,5.0,17.109090909090913,WIN,61.477656834700326,78.58674774379124,2026-04-28 16:21:32.786085+00:00,2026-04-28 16:25:00.009614+00:00
792,A5,0.6,19.0,11.684999999999999,WIN,78.58674774379124,90.27174774379124,2026-04-28 17:07:47.193112+00:00,2026-04-28 17:10:00.010341+00:00
796,A3,0.31,9.0,-9.0,LOSS,90.27174774379124,81.27174774379124,2026-04-28 17:21:48.490255+00:00,2026-04-28 17:25:00.009867+00:00
797,A1,0.21,8.0,-8.0,LOSS,81.27174774379124,73.27174774379124,2026-04-28 17:21:58.511363+00:00,2026-04-28 17:25:00.009993+00:00
801,A8,0.64,16.0,8.215,WIN,73.27174774379124,81.48674774379124,2026-04-28 17:31:49.472182+00:00,2026-04-28 17:35:00.009697+00:00
804,A8,0.61,18.0,10.590491803278692,WIN,81.48674774379124,92.07723954706994,2026-04-28 17:36:29.926575+00:00,2026-04-28 17:40:00.013128+00:00
808,A3,0.28,9.0,-9.0,LOSS,92.07723954706994,83.07723954706994,2026-04-28 17:41:50.473520+00:00,2026-04-28 17:45:00.009428+00:00
812,A7,0.37,7.0,-7.0,LOSS,83.07723954706994,76.07723954706994,2026-04-28 17:52:11.558406+00:00,2026-04-28 17:55:00.012729+00:00
813,A7,0.38,7.0,-7.0,LOSS,76.07723954706994,69.07723954706994,2026-04-28 17:52:41.627251+00:00,2026-04-28 17:55:00.009558+00:00
816,A3,0.35,7.0,-7.0,LOSS,69.07723954706994,62.07723954706994,2026-04-28 18:01:52.474666+00:00,2026-04-28 18:05:00.009987+00:00
823,A2,0.19,7.0,-7.0,LOSS,62.07723954706994,55.07723954706994,2026-04-28 18:12:03.516714+00:00,2026-04-28 18:15:00.010420+00:00
824,A2,0.19,7.0,-7.0,LOSS,55.07723954706994,48.07723954706994,2026-04-28 18:12:13.537380+00:00,2026-04-28 18:15:00.010318+00:00
833,A2,0.21,5.0,-5.0,LOSS,48.07723954706994,43.07723954706994,2026-04-28 18:32:27.128893+00:00,2026-04-28 18:35:00.014062+00:00
835,A7,0.36,3.0,-3.0,LOSS,43.07723954706994,40.07723954706994,2026-04-28 18:42:09.192622+00:00,2026-04-28 18:45:00.009713+00:00
850,A7,0.31,3.0,-3.0,LOSS,40.07723954706994,37.07723954706994,2026-04-28 19:07:51.751322+00:00,2026-04-28 19:10:00.010150999+00:00
867,A1,0.19,3.0,-3.0,LOSS,37.07723954706994,34.07723954706994,2026-04-28 19:26:03.609512+00:00,2026-04-28 19:30:00.009791+00:00
870,A7,0.38,2.0,3.1115789473684217,WIN,34.07723954706994,37.18881849443836,2026-04-28 19:42:15.077542+00:00,2026-04-28 19:45:00.009919+00:00
872,A8,0.69,8.0,-8.0,LOSS,37.18881849443836,29.188818494438358,2026-04-28 19:46:15.386542+00:00,2026-04-28 19:50:00.009215+00:00
900,A7,0.33,2.0,3.8890909090909096,WIN,29.188818494438358,33.07790940352927,2026-04-28 20:13:07.837487+00:00,2026-04-28 20:15:00.009214+00:00
904,A2,0.22,4.0,-4.0,LOSS,33.07790940352927,29.07790940352927,2026-04-28 20:22:38.666342+00:00,2026-04-28 20:25:00.009656+00:00
905,A4,0.59,7.0,-7.0,LOSS,29.07790940352927,22.07790940352927,2026-04-28 20:27:19.042288+00:00,2026-04-28 20:30:00.009277+00:00
909,A2,0.23,2.0,-2.0,LOSS,22.07790940352927,20.07790940352927,2026-04-28 20:47:50.955834+00:00,2026-04-28 20:50:00.008893999+00:00
918,A7,0.37,1.0,-1.0,LOSS,20.07790940352927,19.07790940352927,2026-04-28 21:07:02.749190+00:00,2026-04-28 21:10:00.009356+00:00
926,A2,0.24,2.0,-2.0,LOSS,19.07790940352927,17.07790940352927,2026-04-28 21:27:04.655651+00:00,2026-04-28 21:30:00.008732+00:00
927,A2,0.15,2.0,-2.0,LOSS,17.07790940352927,15.077909403529269,2026-04-28 21:27:24.702233+00:00,2026-04-28 21:30:00.009152+00:00
933,A1,0.15,1.0,5.49,WIN,15.077909403529269,20.56790940352927,2026-04-28 21:41:15.882828+00:00,2026-04-28 21:45:00.009149+00:00
966,A7,0.37,1.0,1.6251351351351353,WIN,20.56790940352927,22.193044538664406,2026-04-28 22:47:02.151014+00:00,2026-04-28 22:50:00.009766+00:00
983,A1,0.19,2.0,-2.0,LOSS,22.193044538664406,20.193044538664406,2026-04-28 23:11:44.509653+00:00,2026-04-28 23:15:00.009860+00:00
984,A1,0.21,2.0,-2.0,LOSS,20.193044538664406,18.193044538664406,2026-04-28 23:11:54.528706+00:00,2026-04-28 23:15:00.008793+00:00
985,A3,0.28,1.0,2.472142857142857,WIN,18.193044538664406,20.665187395807262,2026-04-28 23:31:16.266598+00:00,2026-04-28 23:35:00.010522+00:00
986,A3,0.27,1.0,2.601111111111111,WIN,20.665187395807262,23.266298506918375,2026-04-28 23:31:26.290056+00:00,2026-04-28 23:35:00.009546+00:00
987,A1,0.23,1.0,3.2291304347826086,WIN,23.266298506918375,26.495428941700983,2026-04-28 23:31:36.317270+00:00,2026-04-28 23:35:00.010069+00:00
999,A1,0.23,2.0,-2.0,LOSS,26.495428941700983,24.495428941700983,2026-04-28 23:41:17.207972+00:00,2026-04-28 23:45:00.010034+00:00
1000,A1,0.2,2.0,-2.0,LOSS,24.495428941700983,22.495428941700983,2026-04-28 23:41:27.228551+00:00,2026-04-28 23:45:00.008986+00:00
1011,A7,0.32,1.0,2.036875,WIN,22.495428941700983,24.53230394170098,2026-04-29 00:07:19.716221+00:00,2026-04-29 00:10:00.009749+00:00
1015,A5,0.65,6.0,2.9399999999999977,WIN,24.53230394170098,27.47230394170098,2026-04-29 00:12:30.211785+00:00,2026-04-29 00:15:00.008622+00:00
1016,A5,0.67,6.0,2.6713432835820896,WIN,27.47230394170098,30.14364722528307,2026-04-29 00:12:40.233173+00:00,2026-04-29 00:15:00.009229+00:00
1017,A5,0.69,2.0,0.8060869565217397,WIN,30.14364722528307,30.949734181804807,2026-04-29 00:12:50.253611+00:00,2026-04-29 00:15:00.009163999+00:00
1027,A7,0.27,2.0,-2.0,LOSS,30.949734181804807,28.949734181804807,2026-04-29 00:27:51.686541+00:00,2026-04-29 00:30:00.009130999+00:00
1030,A5,0.56,7.0,-7.0,LOSS,28.949734181804807,21.949734181804807,2026-04-29 01:03:05.077220+00:00,2026-04-29 01:05:00.009779999+00:00
1038,A7,0.38,1.0,1.5557894736842108,WIN,21.949734181804807,23.505523655489018,2026-04-29 01:17:26.411537+00:00,2026-04-29 01:20:00.009466+00:00
1045,A3,0.36,2.0,3.3966666666666665,WIN,23.505523655489018,26.902190322155683,2026-04-29 01:26:37.226870+00:00,2026-04-29 01:30:00.010087+00:00
1046,A3,0.35,2.0,3.5514285714285716,WIN,26.902190322155683,30.453618893584256,2026-04-29 01:26:47.251850+00:00,2026-04-29 01:30:00.009218+00:00
1070,A8,0.59,6.0,-6.0,LOSS,30.453618893584256,24.453618893584256,2026-04-29 01:51:59.594448+00:00,2026-04-29 01:55:00.009906+00:00
1074,A8,0.61,5.0,2.941803278688525,WIN,24.453618893584256,27.39542217227278,2026-04-29 01:56:09.971052+00:00,2026-04-29 02:00:00.009810+00:00
1075,A8,0.56,5.0,3.6553571428571416,WIN,27.39542217227278,31.050779315129923,2026-04-29 01:56:50.072410+00:00,2026-04-29 02:00:00.010716+00:00
1080,A8,0.58,6.0,4.026206896551724,WIN,31.050779315129923,35.07698621168164,2026-04-29 02:06:30.986517+00:00,2026-04-29 02:10:00.009938+00:00
1090,A8,0.6,7.0,-7.0,LOSS,35.07698621168164,28.076986211681643,2026-04-29 02:26:32.927785+00:00,2026-04-29 02:30:00.009730+00:00
1091,A7,0.35,2.0,-2.0,LOSS,28.076986211681643,26.076986211681643,2026-04-29 02:27:43.079237+00:00,2026-04-29 02:30:00.010256999+00:00
1092,A7,0.39,2.0,-2.0,LOSS,26.076986211681643,24.076986211681643,2026-04-29 02:37:23.982482+00:00,2026-04-29 02:40:00.009306+00:00
1095,A1,0.23,2.0,-2.0,LOSS,24.076986211681643,22.076986211681643,2026-04-29 02:46:44.790977+00:00,2026-04-29 02:50:00.010495+00:00
1096,A1,0.21,2.0,-2.0,LOSS,22.076986211681643,20.076986211681643,2026-04-29 02:46:54.812639+00:00,2026-04-29 02:50:00.010146+00:00
1100,A3,0.34,2.0,3.7152941176470584,WIN,20.076986211681643,23.7922803293287,2026-04-29 02:51:05.131210+00:00,2026-04-29 02:55:00.009245+00:00
1106,A1,0.23,2.0,6.458260869565217,WIN,23.7922803293287,30.25054119889392,2026-04-29 03:01:05.929303+00:00,2026-04-29 03:05:00.008859+00:00
1107,A1,0.23,2.0,-2.0,LOSS,30.25054119889392,28.25054119889392,2026-04-29 03:06:56.447602+00:00,2026-04-29 03:10:00.009401+00:00
1111,A1,0.17,2.0,-2.0,LOSS,28.25054119889392,26.25054119889392,2026-04-29 03:16:37.263300+00:00,2026-04-29 03:20:00.009649+00:00
1112,A8,0.63,5.0,2.6880952380952374,WIN,26.25054119889392,28.938636436989157,2026-04-29 03:21:07.644385+00:00,2026-04-29 03:25:00.010848+00:00
1113,A8,0.61,5.0,2.941803278688525,WIN,28.938636436989157,31.88043971567768,2026-04-29 03:21:17.666544+00:00,2026-04-29 03:25:00.010616+00:00
1114,A8,0.66,5.0,2.336363636363636,WIN,31.88043971567768,34.21680335204132,2026-04-29 03:21:27.693817+00:00,2026-04-29 03:25:00.011727+00:00
1124,A1,0.15,3.0,-3.0,LOSS,34.21680335204132,31.216803352041318,2026-04-29 03:31:08.584432+00:00,2026-04-29 03:35:00.009835999+00:00
1125,A2,0.17,4.0,-4.0,LOSS,31.216803352041318,27.216803352041318,2026-04-29 03:32:48.807736+00:00,2026-04-29 03:35:00.009229999+00:00
1139,A2,0.19,3.0,12.364736842105264,WIN,27.216803352041318,39.581540194146584,2026-04-29 03:57:01.086643+00:00,2026-04-29 04:00:00.010119+00:00
1141,A7,0.25,2.0,5.78,WIN,39.581540194146584,45.361540194146585,2026-04-29 03:58:21.281422+00:00,2026-04-29 04:00:00.009384+00:00
1142,A1,0.22,4.0,-4.0,LOSS,45.361540194146585,41.361540194146585,2026-04-29 04:16:33.020346+00:00,2026-04-29 04:20:00.010711+00:00
1143,A1,0.16,4.0,-4.0,LOSS,41.361540194146585,37.361540194146585,2026-04-29 04:16:43.044934+00:00,2026-04-29 04:20:00.010098+00:00
1154,A6,0.85,9.0,1.2335294117647049,WIN,37.361540194146585,38.59506960591129,2026-04-29 04:41:05.351118+00:00,2026-04-29 04:45:00.010818+00:00
1155,A6,0.95,9.0,0.1468421052631559,WIN,38.59506960591129,38.741911711174446,2026-04-29 04:41:35.417924+00:00,2026-04-29 04:45:00.013586+00:00
1161,A8,0.61,8.0,-8.0,LOSS,38.741911711174446,30.741911711174446,2026-04-29 04:46:55.962774+00:00,2026-04-29 04:50:00.010532+00:00
1167,A7,0.35,2.0,-2.0,LOSS,30.741911711174446,28.741911711174446,2026-04-29 04:57:06.990614+00:00,2026-04-29 05:00:00.010223+00:00
1175,A7,0.33,2.0,-2.0,LOSS,28.741911711174446,26.741911711174446,2026-04-29 05:12:38.625332+00:00,2026-04-29 05:15:00.010617+00:00
1177,A7,0.31,2.0,-2.0,LOSS,26.741911711174446,24.741911711174446,2026-04-29 05:32:30.671096+00:00,2026-04-29 05:35:00.009987+00:00
1185,A7,0.36,2.0,-2.0,LOSS,24.741911711174446,22.741911711174446,2026-04-29 05:42:51.787796+00:00,2026-04-29 05:45:00.010403+00:00
1187,A8,0.67,5.0,2.2261194029850735,WIN,22.741911711174446,24.96803111415952,2026-04-29 05:46:02.085442+00:00,2026-04-29 05:50:00.011564+00:00
1199,A5,0.59,6.0,3.855254237288136,WIN,24.96803111415952,28.823285351447655,2026-04-29 06:22:05.862501+00:00,2026-04-29 06:25:00.012018999+00:00
1200,A5,0.6,6.0,3.6899999999999995,WIN,28.823285351447655,32.51328535144766,2026-04-29 06:22:25.916069+00:00,2026-04-29 06:25:00.009836+00:00
1204,A8,0.57,7.0,-7.0,LOSS,32.51328535144766,25.513285351447657,2026-04-29 06:31:36.850673+00:00,2026-04-29 06:35:00.009944+00:00
1207,A5,0.59,8.0,-8.0,LOSS,25.513285351447657,17.513285351447657,2026-04-29 06:32:57.037483+00:00,2026-04-29 06:35:00.009500+00:00
1221,A8,0.68,3.0,-3.0,LOSS,17.513285351447657,14.513285351447657,2026-04-29 06:41:37.844434+00:00,2026-04-29 06:45:00.010288+00:00
1222,A8,0.61,3.0,-3.0,LOSS,14.513285351447657,11.513285351447657,2026-04-29 06:41:47.869104+00:00,2026-04-29 06:45:00.010302+00:00
1230,A8,0.68,2.0,0.847647058823529,WIN,11.513285351447657,12.360932410271186,2026-04-29 06:46:38.375300+00:00,2026-04-29 06:50:00.010093+00:00
1231,A8,0.65,2.0,0.9799999999999995,WIN,12.360932410271186,13.340932410271186,2026-04-29 06:46:48.398631+00:00,2026-04-29 06:50:00.011329+00:00
1248,A2,0.23,1.0,-1.0,LOSS,13.340932410271186,12.340932410271186,2026-04-29 07:03:10.176071+00:00,2026-04-29 07:05:00.009788+00:00
1252,A5,0.63,3.0,1.612857142857142,WIN,12.340932410271186,13.953789553128328,2026-04-29 07:07:00.515950+00:00,2026-04-29 07:10:00.010261+00:00
1265,A6,0.94,3.0,0.08170212765957441,WIN,13.953789553128328,14.035491680787903,2026-04-29 07:31:43.138340+00:00,2026-04-29 07:35:00.011018+00:00
1266,A3,0.27,1.0,2.601111111111111,WIN,14.035491680787903,16.636602791899016,2026-04-29 07:36:03.529179+00:00,2026-04-29 07:40:00.009356+00:00
1267,A1,0.16,1.0,5.08375,WIN,16.636602791899016,21.720352791899018,2026-04-29 07:36:13.552698+00:00,2026-04-29 07:40:00.010130+00:00
1268,A8,0.66,3.0,-3.0,LOSS,21.720352791899018,18.720352791899018,2026-04-29 07:36:43.619830+00:00,2026-04-29 07:40:00.011751+00:00
1275,A3,0.3,1.0,2.24,WIN,18.720352791899018,20.96035279189902,2026-04-29 08:01:36.137600+00:00,2026-04-29 08:05:00.011330+00:00
1277,A3,0.27,2.0,-2.0,LOSS,20.96035279189902,18.96035279189902,2026-04-29 08:11:57.249071+00:00,2026-04-29 08:15:00.010346+00:00
1288,A3,0.27,1.0,-1.0,LOSS,18.96035279189902,17.96035279189902,2026-04-29 08:26:08.728425+00:00,2026-04-29 08:30:00.014027+00:00
1289,A3,0.25,1.0,-1.0,LOSS,17.96035279189902,16.96035279189902,2026-04-29 08:26:18.759772+00:00,2026-04-29 08:30:00.012907+00:00
1292,A3,0.27,1.0,-1.0,LOSS,16.96035279189902,15.96035279189902,2026-04-29 08:36:09.834434+00:00,2026-04-29 08:40:00.012802+00:00
1296,A7,0.34,1.0,1.8576470588235292,WIN,15.96035279189902,17.81799985072255,2026-04-29 08:47:41.128254+00:00,2026-04-29 08:50:00.010122+00:00
1298,A7,0.29,1.0,-1.0,LOSS,17.81799985072255,16.81799985072255,2026-04-29 08:48:01.174347+00:00,2026-04-29 08:50:00.011014+00:00
1300,A2,0.23,2.0,-2.0,LOSS,16.81799985072255,14.81799985072255,2026-04-29 08:52:31.649136+00:00,2026-04-29 08:55:00.010801+00:00
1302,A2,0.16,2.0,-2.0,LOSS,14.81799985072255,12.81799985072255,2026-04-29 08:52:51.697682+00:00,2026-04-29 08:55:00.010134999+00:00
1329,A7,0.32,1.0,2.036875,WIN,12.81799985072255,14.85487485072255,2026-04-29 09:22:14.898704+00:00,2026-04-29 09:25:00.009985+00:00
1332,A2,0.16,1.0,-1.0,LOSS,14.85487485072255,13.85487485072255,2026-04-29 09:23:25.090540+00:00,2026-04-29 09:25:00.010049+00:00
1344,A2,0.22,1.0,-1.0,LOSS,13.85487485072255,12.85487485072255,2026-04-29 09:38:06.710067+00:00,2026-04-29 09:40:00.010442+00:00
1356,A4,0.66,3.0,1.4018181818181823,WIN,12.85487485072255,14.256693032540733,2026-04-29 10:18:00.752645+00:00,2026-04-29 10:20:00.012326+00:00
1360,A4,0.63,3.0,1.612857142857142,WIN,14.256693032540733,15.869550175397876,2026-04-29 10:22:31.225271+00:00,2026-04-29 10:25:00.010172+00:00
1370,A2,0.22,1.0,-1.0,LOSS,15.869550175397876,14.869550175397876,2026-04-29 10:57:15.310905+00:00,2026-04-29 11:00:00.009478+00:00
1371,A7,0.32,1.0,-1.0,LOSS,14.869550175397876,13.869550175397876,2026-04-29 10:57:25.330867+00:00,2026-04-29 11:00:00.010386+00:00
1372,A7,0.28,1.0,-1.0,LOSS,13.869550175397876,12.869550175397876,2026-04-29 10:57:35.351270+00:00,2026-04-29 11:00:00.009645+00:00
1377,A8,0.67,2.0,0.8904477611940296,WIN,12.869550175397876,13.759997936591905,2026-04-29 13:31:20.721008+00:00,2026-04-29 13:35:00.012243+00:00
1381,A6,0.84,3.0,0.4521428571428565,WIN,13.759997936591905,14.212140793734761,2026-04-29 13:36:31.301893+00:00,2026-04-29 13:40:00.012099+00:00
1382,A6,0.87,3.0,0.33206896551724085,WIN,14.212140793734761,14.544209759252002,2026-04-29 13:36:41.329120+00:00,2026-04-29 13:40:00.012285+00:00
1387,A4,0.59,3.0,1.927627118644068,WIN,14.544209759252002,16.47183687789607,2026-04-29 13:42:41.915167+00:00,2026-04-29 13:45:00.013982+00:00
1395,A6,0.88,4.0,0.3918181818181825,WIN,16.47183687789607,16.863655059714254,2026-04-29 13:51:02.765090+00:00,2026-04-29 13:55:00.013241+00:00
1396,A6,0.81,4.0,0.7748148148148148,WIN,16.863655059714254,17.63846987452907,2026-04-29 13:51:12.791136+00:00,2026-04-29 13:55:00.013269+00:00
1397,A6,0.82,1.0,0.17902439024390238,WIN,17.63846987452907,17.81749426477297,2026-04-29 13:51:32.840909+00:00,2026-04-29 13:55:00.012310+00:00
1402,A5,0.56,4.0,2.9242857142857135,WIN,17.81749426477297,20.741779979058684,2026-04-29 22:23:05.583147+00:00,2026-04-29 22:25:00.010526+00:00
1403,A7,0.3,1.0,2.24,WIN,20.741779979058684,22.981779979058686,2026-04-30 00:17:31.130918+00:00,2026-04-30 00:20:00.010244+00:00
1407,A3,0.31,2.0,-2.0,LOSS,22.981779979058686,20.981779979058686,2026-04-30 01:31:05.361976+00:00,2026-04-30 01:35:00.011908+00:00
