market_id,timestamp,slug,ttr_seconds,spread_pct,spread_blocked_reason,yes_price_t0,no_price_t0,clob_spread_t0,yes_depth_t0,no_depth_t0,depth_imbalance_t0,price_velocity_30s,depth_trend_30s,btc_realized_vol_prior_30m,ttr_at_signal,market_hour_utc,day_of_week,shadow_signal_yes,shadow_prob_yes,shadow_kelly_yes,shadow_tier_yes,shadow_signal_no,shadow_prob_no,shadow_kelly_no,shadow_tier_no,actual_outcome,signal_direction
0x006f5025d66d5a30a504564c3ec4f422e9251ea616d22e17c826be00876b7bdd,2026-06-08T14:57:31.549799+00:00,btc-updown-5m-1780930500,148.5,0.155675,TOO_WIDE,0.01,0.01,0.9,1026.0,174.5,0.709289,-0.00366667,0.0,0.369436,148.5,14,0,SKIP,0.484953,0.4783,LOW,SKIP,0.424873,0.4174,LOW,WIN,YES
0x0108e4c1960b412e7692160cd151b86771aefd1a9a6ae07f6ed96b00b135a408,2026-06-11T02:35:18.368722+00:00,btc-updown-5m-1781145300,281.6,0.127185,TOO_WIDE,0.01,0.01,0.61,462.13,352.09,0.135139,-0.01633333,0.0,0.387426,281.6,2,3,SKIP,0.396239,0.3884,LOW,SKIP,0.318781,0.31,LOW,WIN,YES
0x01cd9df90400a147e0ef1db94da8e2c3eb3234161b515ad4b182d09820044c78,2026-06-11T02:45:41.313289+00:00,btc-updown-5m-1781145900,258.7,0.134023,TOO_WIDE,0.01,0.01,0.34,412.75,467.62,-0.062321,-0.02166667,0.0,0.443256,258.7,2,3,SKIP,0.318781,0.31,LOW,SKIP,0.376513,0.3685,LOW,WIN,NO
0x02b6f199b4139c5409481ac9cbbbd8693e394f21829a6046b05e147566c5c64b,2026-06-11T03:47:39.997374+00:00,btc-updown-5m-1781149500,140.0,0.155601,TOO_WIDE,0.01,0.01,0.74,1109.31,24.61,0.95659,-0.008,0.0,0.452641,140.0,3,3,SKIP,0.377044,0.369,LOW,SKIP,0.309498,0.3006,LOW,WIN,YES
0x0429f559a6651af66144ddb9ad103cde686a62811cdab7d89151e98cc6829e9b,2026-06-08T13:51:36.577869+00:00,btc-updown-5m-1780926600,203.4,0.124003,TOO_WIDE,0.01,0.01,0.59,379.91,771.19,-0.339916,-0.01266667,0.0,0.841661,203.4,13,0,SKIP,0.409156,0.4015,LOW,SKIP,0.522515,0.5163,LOW,LOSE,NO
0x063161ffd8e0ac6d5200841ed24a1248b1f352109db7e6af4f8a83aa4777e91f,2026-06-08T13:35:25.172070+00:00,btc-updown-5m-1780925700,274.8,0.128524,TOO_WIDE,0.01,0.01,0.57,567.78,763.04,-0.146727,-0.01366667,0.0,0.28479,274.8,13,0,SKIP,0.409156,0.4015,LOW,SKIP,0.522515,0.5163,LOW,WIN,NO
0x07abf05b3121113d0725b590d8945d2bfdd48d914637f29ea43bba2bcc5da6bd,2026-06-10T19:37:40.411405+00:00,btc-updown-5m-1781120100,139.6,0.128049,TOO_WIDE,0.01,0.01,0.62,169.11,759.64,-0.635839,-0.01,0.0,0.568894,139.6,19,2,SKIP,0.304858,0.2959,LOW,SKIP,0.328163,0.3195,LOW,LOSE,NO
0x09c9d4ae0e1835d3284de57f77268f6d8e96072fc460e17bfa7abec58c057c6c,2026-06-10T12:36:07.433157+00:00,btc-updown-5m-1781094900,232.6,0.12263,TOO_WIDE,0.01,0.01,0.34,327.88,740.9,-0.386446,-0.02266667,0.0,0.903062,232.6,12,2,SKIP,0.29875,0.2897,LOW,SKIP,0.356572,0.3483,LOW,LOSE,NO
0x0ad040541dac76c4817ffc7613e40960c2954e7c9ef7ae5875f4aac011224a88,2026-06-11T01:42:01.820262+00:00,btc-updown-5m-1781142000,178.2,0.200266,TOO_WIDE,0.01,0.01,0.77,402.4,24.87,0.883582,-0.00866667,0.0,0.463272,178.2,1,3,SKIP,0.362159,0.3539,LOW,SKIP,0.309498,0.3006,LOW,WIN,YES
0x0b6564af44ac3cde571f6679cbfdb371ca89ed3ed9191e132aeeb9a7ade8b9cb,2026-06-10T22:25:24.995723+00:00,btc-updown-5m-1781130300,275.0,0.129138,TOO_WIDE,0.01,0.01,0.39,581.01,408.26,0.174622,-0.01933333,0.0,0.574034,275.0,22,2,SKIP,0.371352,0.3632,LOW,SKIP,0.29875,0.2897,LOW,LOSE,YES
0x0c45a652e37af3dfa5d51bd06ae8def446bbc7ae3008300452e1a425a327fb61,2026-06-08T10:34:19.680810+00:00,btc-updown-5m-1780914600,40.3,0.16051,TOO_WIDE,0.495,0.495,0.01,100.0,100.0,0.0,0.01516667,0.0,0.232716,40.3,10,0,SKIP,0.373374,-0.6644,LOW,SKIP,0.373374,-0.6644,LOW,WIN,YES
0x0d33d653de5d41a24ba9d8507b99252d3598acb3d1a590b571f9f188af08ceca,2026-06-10T23:20:37.726154+00:00,btc-updown-5m-1781133600,262.3,0.130519,TOO_WIDE,0.01,0.01,0.71,1562.49,23.33,0.97058,-0.01166667,0.0,0.315566,262.3,23,2,SKIP,0.348067,0.3396,LOW,SKIP,0.294106,0.285,LOW,WIN,YES
0x0d540cead337859d9fb205e4841ea20f45e8ca96a88c96ccad1383c93d988d29,2026-06-10T19:46:58.131256+00:00,btc-updown-5m-1781120700,181.9,0.148582,TOO_WIDE,0.01,0.01,0.24,83.0,2107.67,-0.924224,-0.02833333,0.0,0.419571,181.9,19,2,SKIP,0.304858,0.2959,LOW,SKIP,0.337879,0.3293,LOW,WIN,NO
0x0e28546e9036e9cefbec2c13de6dc8014a4042f04cf7fee498ed5c65916c9de1,2026-06-08T11:36:37.600238+00:00,btc-updown-5m-1780918500,202.4,0.134914,TOO_WIDE,0.01,0.01,0.91,1651.46,119.03,0.865536,-0.00166667,0.0,0.574958,202.4,11,0,SKIP,0.501357,0.4949,LOW,SKIP,0.430596,0.4232,LOW,WIN,YES
0x0ef38ea42e4eca758ba2ba0cea70077e33497b65edf8fa3779aa7b07621a3046,2026-06-10T21:11:43.810328+00:00,btc-updown-5m-1781125800,196.2,0.168759,TOO_WIDE,0.01,0.01,0.21,86.92,651.05,-0.764446,-0.025,0.0,0.37406,196.2,21,2,SKIP,0.304858,0.2959,LOW,SKIP,0.323394,0.3147,LOW,WIN,NO
0x0fa403aea7b3159b112a66e8cb0896cde8f196e70697ec02a6cb95651d9b500d,2026-06-07T08:54:27.265119+00:00,btc-updown-5m-1780822200,32.7,0.131097,TOO_WIDE,0.495,0.495,0.01,100.0,100.0,0.0,-0.00783333,0.0,0.533665,32.7,8,6,SKIP,0.575065,-0.1287,MEDIUM,SKIP,0.575065,-0.1287,MEDIUM,WIN,YES
0x1077d73fefb2abd56959fb87f54f728e96e7942abd0f072270b45aa0cc2207a9,2026-06-09T18:57:03.729709+00:00,btc-updown-5m-1781031300,176.3,0.136886,TOO_WIDE,0.01,0.01,0.83,578.05,250.76,0.394897,-0.00433333,0.0,0.427925,176.3,18,1,SKIP,0.385205,0.3773,LOW,SKIP,0.322652,0.3139,LOW,WIN,YES
0x12eccc698fe83a53969a3662435db77bf2f1f7b7f3cdcf3cbca99416fe504951,2026-06-06T16:40:36.489429+00:00,btc-updown-5m-1780764000,263.5,0.121321,TOO_WIDE,0.01,0.01,0.64,980.42,165.14,0.711684,-0.01133333,0.0,0.39602,263.5,16,5,SKIP,0.323963,0.3152,LOW,SKIP,0.300994,0.292,LOW,WIN,YES
0x13439d8440c63eeb8bc817400c4a9e760372d898757f4d2281e1628a4a4e9be0,2026-06-11T04:40:02.755252+00:00,btc-updown-5m-1781152800,297.2,0.466809,TOO_WIDE,0.01,0.01,0.98,499.65,19.31,0.925577,0.0,0.0,0.267037,297.2,4,3,SKIP,0.396079,0.3883,LOW,SKIP,0.325213,0.3165,LOW,LOSE,YES
0x13bb344d8c0793c2eab9f375e96e56ce4c7acd8eba62681dcc336b9455022926,2026-06-10T22:12:08.650989+00:00,btc-updown-5m-1781129400,171.3,0.12186,TOO_WIDE,0.01,0.01,0.32,208.97,305.53,-0.187685,-0.02233333,0.0,1.055304,171.3,22,2,SKIP,0.29875,0.2897,LOW,SKIP,0.371352,0.3632,LOW,WIN,NO
0x147ebb43af25a1eccacd516a18d2ffbebab899c8cdd89360d900397cbd2efb7b,2026-06-07T02:54:31.620076+00:00,btc-updown-5m-1780800600,28.4,0.120809,TOO_WIDE,0.495,0.495,0.01,100.0,100.0,0.0,-0.00083333,0.0,0.464018,28.4,2,6,SKIP,0.622026,-0.0039,MEDIUM,SKIP,0.622026,-0.0039,MEDIUM,WIN,YES
0x14c8f51b0ef1d14afbafc35f142e2365151d15941883752edd469c3fe74409df,2026-06-11T01:26:07.347683+00:00,btc-updown-5m-1781141100,232.7,0.160605,TOO_WIDE,0.01,0.01,0.54,324.62,735.16,-0.387378,-0.016,0.0,0.36807,232.7,1,3,SKIP,0.318781,0.31,LOW,SKIP,0.380608,0.3726,LOW,WIN,NO
0x1513d23b8392306afc03ce2e5041dc2f6301795a9fa0f06d2a3a5fa0f86623f9,2026-06-10T11:21:07.913358+00:00,btc-updown-5m-1781090400,232.1,0.143318,TOO_WIDE,0.01,0.01,0.79,664.45,143.67,0.644427,-0.00566667,0.0,1.238179,232.1,11,2,SKIP,0.32991,0.3213,LOW,SKIP,0.304858,0.2959,LOW,WIN,YES
0x181b00db9337c88953091eea945761b20348dbdc910ffe2eaad36ad2dbf1ac02,2026-06-11T16:04:29.132817+00:00,btc-updown-5m-1781193600,30.9,0.121631,TOO_WIDE,0.495,0.495,0.01,100.0,100.0,0.0,-0.01616667,0.0,0.571984,30.9,16,3,SKIP,0.603515,-0.0531,MEDIUM,SKIP,0.603515,-0.0531,MEDIUM,LOSE,YES
0x1942cfd66fbd70be6090ffb48085f3fb62a69085a3cf158f394791633696bae2,2026-06-11T13:19:03.794677+00:00,btc-updown-5m-1781183700,56.2,0.127975,TOO_WIDE,0.01,0.01,0.75,1196.91,19.25,0.968343,-0.00833333,0.0,0.727256,56.2,13,3,SKIP,0.348067,0.3396,LOW,SKIP,0.294106,0.285,LOW,WIN,YES
0x19d3439f964053fe47e4bb8bdb068feb227f15837ff9bb921c5c7837768e31ac,2026-06-11T01:30:02.258910+00:00,btc-updown-5m-1781141400,297.7,0.122335,TOO_WIDE,0.01,0.01,0.18,48.18,1243.16,-0.925382,0.0,0.0,0.356052,297.7,1,3,SKIP,0.325213,0.3165,LOW,SKIP,0.380557,0.3726,LOW,WIN,NO
0x1a4528eb46d34fb693c3a48d563d43b512364e12cc86c5e30b2f1de9640bd0e3,2026-06-08T20:12:53.710838+00:00,btc-updown-5m-1780949400,126.3,0.13286,TOO_WIDE,0.01,0.01,0.84,1277.45,106.67,0.845863,-0.00466667,0.0,0.274019,126.3,20,0,SKIP,0.487162,0.4805,LOW,SKIP,0.417402,0.4099,LOW,LOSE,YES
0x1ac7466ef31c3d7d917c5160cc0584ed1f7cb832b288b59fddf7d8f2a0e6af5b,2026-06-08T12:49:04.018800+00:00,btc-updown-5m-1780922700,56.0,0.134162,TOO_WIDE,0.01,0.01,0.36,27.64,584.68,-0.909721,-0.02366667,0.0,0.294095,56.0,12,0,SKIP,0.40283,0.3951,LOW,SKIP,0.491428,0.4849,LOW,WIN,NO
0x1e41214c1e3fe195c784714749a4b061314588d7bb034c3df257201b3f289e3d,2026-06-09T19:32:06.150767+00:00,btc-updown-5m-1781033400,173.8,0.140888,TOO_WIDE,0.01,0.01,0.92,4137.55,18.9,0.990906,-0.00266667,0.0,0.230987,173.8,19,1,SKIP,0.373628,0.3655,LOW,SKIP,0.315498,0.3067,LOW,WIN,YES
0x1fa34431c583792db667a3a7484615d9554fdd08172e626028a60080f9044661,2026-06-09T15:57:09.001640+00:00,btc-updown-5m-1781020500,171.0,0.18001,TOO_WIDE,0.01,0.01,0.42,83.58,52.05,0.232408,-0.01933333,0.0,0.568626,171.0,15,1,SKIP,0.399688,0.3919,LOW,SKIP,0.287879,0.2787,LOW,LOSE,YES
0x20963f71f4de7f0b5809a5c0d55d3a9b60db9bfd1cf007fe5e3d5fd07af8ffab,2026-06-11T00:05:11.284334+00:00,btc-updown-5m-1781136300,288.7,0.120107,TOO_WIDE,0.01,0.01,0.47,176.14,529.72,-0.500912,-0.01666667,0.0,0.161305,288.7,0,3,SKIP,0.396175,0.3884,LOW,SKIP,0.396175,0.3884,LOW,WIN,YES
0x20ac3cc8becc7db38133d109679a373a7b2021c790c3709a5edeee6d567f2b7a,2026-06-07T22:49:21.172940+00:00,btc-updown-5m-1780872300,38.8,0.126601,TOO_WIDE,0.01,0.01,0.34,142.39,261.89,-0.295602,-0.02333333,0.0,0.658567,38.8,22,6,SKIP,0.300994,0.292,LOW,SKIP,0.368554,0.3604,LOW,LOSE,NO
0x23185461a9cdb110ac02449738b22e7dcb9cb8bb901878ceb21ceb00506d8487,2026-06-10T21:52:03.804458+00:00,btc-updown-5m-1781128200,176.2,0.166463,TOO_WIDE,0.01,0.01,0.03,48.01,8008.91,-0.988081,-0.03066667,0.0,0.345238,176.2,21,2,SKIP,0.285572,0.2763,LOW,SKIP,0.337751,0.3292,LOW,WIN,NO
0x251663c7125061f8210fd091f04311ccdd1d6c9c6d89c377849cfa2136de354b,2026-06-11T03:21:54.287147+00:00,btc-updown-5m-1781148000,185.7,0.151522,TOO_WIDE,0.01,0.01,0.53,170.6,682.64,-0.600113,-0.01733333,0.0,0.474588,185.7,3,3,SKIP,0.338773,0.3302,LOW,SKIP,0.364802,0.3566,LOW,LOSE,NO
0x25a270fdc1b279c997e24a44ebeca12dd6fb7dfa8db3105a94b037960eee7ae1,2026-06-11T02:33:17.096106+00:00,btc-updown-5m-1781145000,102.9,0.121534,TOO_WIDE,0.01,0.01,0.2,33.43,479.77,-0.869736,-0.026,0.0,0.595422,102.9,2,3,SKIP,0.326667,0.318,LOW,SKIP,0.382248,0.3743,LOW,WIN,NO
0x28aa50ce6c1787b4754eb8e982a22522e8b4f64866429d70d2b407df8fbf6029,2026-06-10T06:50:07.699030+00:00,btc-updown-5m-1781074200,292.3,0.390581,TOO_WIDE,0.01,0.01,0.44,34.27,203.06,-0.711208,-0.01733333,0.0,0.291613,292.3,6,2,SKIP,0.301482,0.2925,LOW,SKIP,0.341611,0.3331,LOW,LOSE,NO
0x2a0bd277ad3d8b19f33deb28c1c38ac98870332c4cc4aab249d269151f9a7537,2026-06-11T02:50:08.037779+00:00,btc-updown-5m-1781146200,292.0,0.146728,TOO_WIDE,0.01,0.01,0.56,157.03,263.53,-0.253242,-0.012,0.0,0.412562,292.0,2,3,SKIP,0.325361,0.3166,LOW,SKIP,0.396239,0.3884,LOW,LOSE,NO
0x2a9fc846dd7683212f41c9ef7e9c2d608d2e8957a1fe580a1ba747fb54fc5e9f,2026-06-08T16:07:20.327220+00:00,btc-updown-5m-1780934700,159.7,0.150221,TOO_WIDE,0.01,0.01,0.72,586.94,432.54,0.151453,-0.00933333,0.0,0.765595,159.7,16,0,SKIP,0.522515,0.5163,LOW,SKIP,0.409156,0.4015,LOW,LOSE,YES
0x2ac092a2b451a431562464f5b68d98795e230f7a280bc56cd69ce356fb2c76a0,2026-06-10T20:35:49.063078+00:00,btc-updown-5m-1781123700,250.9,0.130645,TOO_WIDE,0.01,0.01,0.35,461.7,773.03,-0.252145,-0.021,0.0,0.515326,250.9,20,2,SKIP,0.29875,0.2897,LOW,SKIP,0.371352,0.3632,LOW,WIN,NO
0x2bc40ede3e27f90b450882dcd79277e97997499092e70e8707ef93afaa4b3852,2026-06-09T16:41:26.364681+00:00,btc-updown-5m-1781023200,213.6,0.141208,TOO_WIDE,0.01,0.01,0.81,533.61,132.15,0.603002,-0.00466667,0.0,0.817319,213.6,16,1,SKIP,0.342943,0.3345,LOW,SKIP,0.316813,0.308,LOW,WIN,YES
0x2d8789a3476cbb7569586f03db828f8a45edf9a97ed2b9457fffd09b4b5cacf2,2026-06-10T23:41:33.262812+00:00,btc-updown-5m-1781134800,206.7,0.136825,TOO_WIDE,0.01,0.01,0.73,815.21,128.33,0.727981,-0.00766667,0.0,0.650724,206.7,23,2,SKIP,0.32991,0.3213,LOW,SKIP,0.304858,0.2959,LOW,WIN,YES
0x2e8416d05e4ca911b6fbd66b94a9108db2fbf8559ee2f6745f3440962028e592,2026-06-10T15:11:53.826185+00:00,btc-updown-5m-1781104200,186.2,0.146185,TOO_WIDE,0.01,0.01,0.34,188.16,1020.42,-0.688627,-0.02366667,0.0,1.752419,186.2,15,2,SKIP,0.29875,0.2897,LOW,SKIP,0.328163,0.3195,LOW,WIN,NO
0x3000b47239c8480367e649779c60ad3a1658a0325189625168265d50acfcb088,2026-06-09T04:39:30.300996+00:00,btc-updown-5m-1780979700,29.7,0.124988,TOO_WIDE,0.01,0.01,0.91,647.57,38.21,0.888556,-0.00233333,0.0,0.98593,29.7,4,1,SKIP,0.415717,0.4082,LOW,SKIP,0.341686,0.3332,LOW,WIN,YES
0x3315ad0268f8abb8928961c388bbad78537dd7f143b878f55f593b23d0cf38f6,2026-06-07T23:01:35.952752+00:00,btc-updown-5m-1780873200,204.0,0.13385,TOO_WIDE,0.01,0.01,0.91,1294.82,64.45,0.905171,-0.00366667,0.0,1.442689,204.0,23,6,SKIP,0.357204,0.3489,LOW,SKIP,0.302324,0.2933,LOW,WIN,YES
0x3922676ee77fe5a07a9f39eb9dc45755d4d9134ca70c457fe109354ba3dc8952,2026-06-08T14:18:20.810055+00:00,btc-updown-5m-1780928100,99.2,0.148999,TOO_WIDE,0.01,0.01,0.22,88.4,2401.62,-0.928994,-0.024,0.0,0.505631,99.2,14,0,SKIP,0.417402,0.4099,LOW,SKIP,0.478426,0.4717,LOW,WIN,NO
0x3a4b170599eac92fffdf574da602b4db3000c0e3f3c2a5e85693d13d1055f7cc,2026-06-10T13:30:58.648099+00:00,btc-updown-5m-1781098200,241.4,0.127204,TOO_WIDE,0.01,0.01,0.82,2335.82,141.74,0.885581,-0.005,0.0,0.140121,241.4,13,2,SKIP,0.451891,0.4448,LOW,SKIP,0.485217,0.4786,LOW,LOSE,NO
0x3a6664401e6d678a0def2cc673c0df1d08b35a5e54b78adbfced8bb9a4a4a014,2026-06-08T11:21:47.276412+00:00,btc-updown-5m-1780917600,192.7,0.128073,TOO_WIDE,0.01,0.01,0.58,529.31,1001.48,-0.308443,-0.01733333,0.0,0.535701,192.7,11,0,SKIP,0.409156,0.4015,LOW,SKIP,0.522515,0.5163,LOW,LOSE,NO
0x3ba27a7d45a54434ae6c1bd4181163dffca51c44c90fa11d6d203a98327b8364,2026-06-08T12:43:37.876080+00:00,btc-updown-5m-1780922400,82.1,0.15024,TOO_WIDE,0.01,0.01,0.84,2777.85,192.81,0.870192,-0.00533333,0.0,0.534106,82.1,12,0,SKIP,0.487162,0.4805,LOW,SKIP,0.409156,0.4015,LOW,WIN,YES
0x3c267d69d40c10aecfcdee8f644eef1ab7d5e4e3033dbddacef633f2010e293f,2026-06-11T04:00:02.911658+00:00,btc-updown-5m-1781150400,297.1,0.666139,TOO_WIDE,0.495,0.495,0.01,100.0,100.0,0.0,0.0,0.0,0.787607,297.1,4,3,SKIP,0.622026,-0.0039,MEDIUM,SKIP,0.622026,-0.0039,MEDIUM,LOSE,YES
0x3ccde373fea18e020dcd1cf8b917faff2269fe9f381c924cabcb0c2eecf670e7,2026-06-09T17:01:03.429335+00:00,btc-updown-5m-1781024400,236.6,0.123242,TOO_WIDE,0.01,0.01,0.53,215.3,589.0,-0.464634,-0.01333333,0.0,1.205016,236.6,17,1,SKIP,0.310426,0.3015,LOW,SKIP,0.370632,0.3625,LOW,LOSE,NO
0x3dd1bf51f24080e3b063d52e542594125ce1d7d995dd064931fb1649b3c16a1b,2026-06-10T21:32:29.263115+00:00,btc-updown-5m-1781127000,150.7,0.134732,TOO_WIDE,0.01,0.01,0.89,1228.75,41.76,0.934261,-0.00333333,0.0,0.616067,150.7,21,2,SKIP,0.365423,0.3572,LOW,SKIP,0.308592,0.2997,LOW,WIN,YES
0x3e9f6c29a3ad7e87ed4f03d6cad9d983aeb910ea9f096cb1b9a8e96718c66c39,2026-06-10T13:30:06.288216+00:00,btc-updown-5m-1781097900,0.0,0.161834,TOO_WIDE,0.01,0.01,0.68,1070.29,57.11,0.898682,-0.014,0.0,0.140121,0.0,13,2,SKIP,0.451891,0.4448,LOW,SKIP,0.469369,0.4625,LOW,LOSE,NO
0x401d634e488f07b470b41c6d4a7392c21e685ad9cb48e3747dfdb9bb3402ebd5,2026-06-10T06:40:01.011871+00:00,btc-updown-5m-1781073600,299.0,0.328508,TOO_WIDE,0.01,0.01,0.48,95.26,46.91,0.340086,0.0,0.0,0.283188,299.0,6,2,SKIP,0.392636,0.3848,LOW,SKIP,0.31795,0.3091,LOW,LOSE,YES
0x419f8f2e228f883c77ffd318b78ef1c91af83441816146d36ff9c2001444fde6,2026-06-10T20:22:32.798289+00:00,btc-updown-5m-1781122800,147.2,0.133306,TOO_WIDE,0.01,0.01,0.47,113.77,599.97,-0.681201,-0.01066667,0.0,0.523461,147.2,20,2,SKIP,0.304858,0.2959,LOW,SKIP,0.32991,0.3213,LOW,LOSE,NO
0x43f6e3bbec0297c84781c4416c27af8cde4fcd749b7547243ba6770423fea04d,2026-06-08T07:26:02.370498+00:00,btc-updown-5m-1780903500,237.6,0.130323,TOO_WIDE,0.01,0.01,0.33,99.58,1497.42,-0.875289,-0.021,0.0,0.665869,237.6,7,0,SKIP,0.427672,0.4203,LOW,SKIP,0.498226,0.4917,LOW,WIN,NO
0x4b5744df5b316117e82a0bae52520099aef03b1d3fee0c58b74b30f9824c1dbd,2026-06-09T14:26:19.453303+00:00,btc-updown-5m-1781015100,220.5,0.131616,TOO_WIDE,0.01,0.01,0.57,658.45,490.48,0.146202,-0.014,0.0,0.635159,220.5,14,1,SKIP,0.385923,0.378,LOW,SKIP,0.310426,0.3015,LOW,LOSE,YES
0x4c5a7c5747e145625f500eda7271e7440358990179c83c4deb0b939e586dbeef,2026-06-10T10:31:47.488325+00:00,btc-updown-5m-1781087400,192.5,0.122993,TOO_WIDE,0.01,0.01,0.82,708.11,71.46,0.816673,-0.005,0.0,0.564831,192.5,10,2,SKIP,0.31416,0.3053,LOW,SKIP,0.286421,0.2772,LOW,WIN,YES
0x4c71f69fe668653e2bf4b036db33746cb995bf8089fc533717d570eb1bfe3e42,2026-06-11T04:15:06.176659+00:00,btc-updown-5m-1781151300,293.8,0.481623,TOO_WIDE,0.01,0.01,0.37,85.14,571.32,-0.740607,0.0,0.0,0.599499,293.8,4,3,SKIP,0.337262,0.3287,LOW,SKIP,0.357898,0.3496,LOW,WIN,NO
0x4c776c84f6c6e07090b13b31608d2e122fecf8db71e6ed79d2866e3678c5eaa5,2026-06-10T10:01:23.392895+00:00,btc-updown-5m-1781085600,216.6,0.147427,TOO_WIDE,0.01,0.01,0.35,709.35,536.55,0.138693,-0.021,0.0,0.517536,216.6,10,2,SKIP,0.380752,0.3728,LOW,SKIP,0.306266,0.2973,LOW,LOSE,YES
0x4ee24d6ef64570c15609b2629a4aea09c4f6c6581fe8af40bf541df3125e2191,2026-06-11T00:45:28.498275+00:00,btc-updown-5m-1781138700,271.5,0.128669,TOO_WIDE,0.01,0.01,0.81,1391.93,18.4,0.973901,-0.006,0.0,0.535286,271.5,0,3,SKIP,0.362159,0.3539,LOW,SKIP,0.309498,0.3006,LOW,WIN,YES
0x4f2a3b7de23c4bf7a0519e1307f4797caee4b07c4dcff8e828862bdc1785ab11,2026-06-09T17:19:25.481383+00:00,btc-updown-5m-1781025300,34.5,0.126083,TOO_WIDE,0.01,0.01,0.98,4025.44,40.44,0.98011,0.0,0.0,0.975216,34.5,17,1,SKIP,0.380196,0.3722,LOW,SKIP,0.321055,0.3123,LOW,WIN,YES
0x4fbe2bc6b8e4fac46a0466082ab7d01e37985940246ec99c464c9ac0196b05bb,2026-06-09T14:48:06.603579+00:00,btc-updown-5m-1781016300,113.4,0.120028,TOO_WIDE,0.01,0.01,0.05,10.79,1624.79,-0.986805,-0.031,0.0,0.272261,113.4,14,1,SKIP,0.296625,0.2875,LOW,SKIP,0.3511,0.3427,LOW,WIN,NO
0x5527bf6ada0c7eb089b29c93ad7273b7456708b39d39574af30bcd1b7e5a34da,2026-06-11T00:02:05.027705+00:00,btc-updown-5m-1781136000,175.0,0.120047,TOO_WIDE,0.01,0.01,0.94,2618.47,38.01,0.97138,-0.00366667,0.0,0.210001,175.0,0,3,SKIP,0.376443,0.3684,LOW,SKIP,0.321683,0.3129,LOW,WIN,YES
0x616a96679f49f4815b2927b28a04cae060d0fd0b2f48ced107e19dbae0a6e6d1,2026-06-11T13:32:00.024583+00:00,btc-updown-5m-1781184600,180.0,0.12542,TOO_WIDE,0.01,0.01,0.13,95.67,1344.68,-0.867162,-0.02866667,0.0,0.780124,180.0,13,3,SKIP,0.304858,0.2959,LOW,SKIP,0.344701,0.3362,LOW,WIN,NO
0x63744881bbf647cf80223f8bba1f026951ba4fb240cf6826fe2424ed72ab28ad,2026-06-11T13:42:41.454968+00:00,btc-updown-5m-1781185200,138.5,0.124951,TOO_WIDE,0.01,0.01,0.06,93.56,2330.24,-0.922797,-0.03,0.0,0.252054,138.5,13,3,SKIP,0.304858,0.2959,LOW,SKIP,0.344701,0.3362,LOW,LOSE,NO
0x674240c5fa962d61e93252fb6f6d759317f0b867f5a82f9520845e1a904ff7e2,2026-06-11T01:21:25.180939+00:00,btc-updown-5m-1781140800,214.8,0.122371,TOO_WIDE,0.01,0.01,0.26,91.3,706.57,-0.771151,-0.025,0.0,0.433295,214.8,1,3,SKIP,0.325361,0.3166,LOW,SKIP,0.352229,0.3439,LOW,WIN,NO
0x68900a83d9e86d2c3b77850a4d7d48c14394fbe703d58582919f8edacda37487,2026-06-11T03:00:00.767040+00:00,btc-updown-5m-1781146800,299.2,0.123691,TOO_WIDE,0.01,0.01,0.93,895.03,24.31,0.947121,0.0,0.0,0.278711,299.2,3,3,SKIP,0.396079,0.3883,LOW,SKIP,0.358935,0.3507,LOW,LOSE,YES
0x6ac3f6de99db88c17031e346cb8191c16485873f3f794a603fcfa470c0e965ce,2026-06-10T15:00:38.550546+00:00,btc-updown-5m-1781103600,261.4,0.191396,TOO_WIDE,0.01,0.01,0.38,600.24,476.26,0.115168,-0.02,0.0,0.259911,261.4,15,2,SKIP,0.371352,0.3632,LOW,SKIP,0.29875,0.2897,LOW,WIN,YES
0x6af438275b04750ba32d597aca53b16ab5fa8a312815b35ccd56df94f6793117,2026-06-10T22:47:00.917670+00:00,btc-updown-5m-1781131500,179.1,0.133446,TOO_WIDE,0.01,0.01,0.16,69.08,1032.17,-0.874544,-0.027,0.0,0.336504,179.1,22,2,SKIP,0.2947,0.2856,LOW,SKIP,0.348067,0.3396,LOW,WIN,NO
0x6ccd93f9e83d3834739a3884f32f0a34ab079a40d2999f4fa777271e531c4db2,2026-06-10T06:35:27.421033+00:00,btc-updown-5m-1781073300,272.6,0.126183,TOO_WIDE,0.01,0.01,0.44,695.95,380.06,0.293572,-0.01766667,0.0,0.436477,272.6,6,2,SKIP,0.380752,0.3728,LOW,SKIP,0.306266,0.2973,LOW,WIN,YES
0x6dad462ea67e883ba01a11173e43fe1c27fc2e23c674664dcde8812a0478513a,2026-06-08T10:03:04.259017+00:00,btc-updown-5m-1780912800,115.7,0.123821,TOO_WIDE,0.01,0.01,0.34,424.43,232.33,0.292484,-0.02266667,0.0,0.420876,115.7,10,0,SKIP,0.53373,0.5277,LOW,SKIP,0.41929,0.4118,LOW,LOSE,YES
0x6f605ace65c9f8071aa5f983da4661e79527b923a0b1d95882df0bff498babc0,2026-06-07T09:04:11.933416+00:00,btc-updown-5m-1780822800,48.1,0.121063,TOO_WIDE,0.01,0.01,0.18,40.61,161.87,-0.598836,-0.027,0.0,0.473095,48.1,9,6,SKIP,0.28457,0.2753,LOW,SKIP,0.344212,0.3357,LOW,WIN,NO
0x715c69ced8f60d205c0c46e1463758f0dbb182fb38b3f3c32624cf0fbe04d22c,2026-06-09T20:18:03.278899+00:00,btc-updown-5m-1781036100,116.7,0.120077,TOO_WIDE,0.01,0.01,0.13,89.28,884.31,-0.816592,-0.02933333,0.0,0.573606,116.7,20,1,SKIP,0.316813,0.308,LOW,SKIP,0.342943,0.3345,LOW,WIN,NO
0x71f75515d5d81c9ae122c676f1a25dc8a0d50461618ef91435964b8a53344e8a,2026-06-10T11:26:03.931315+00:00,btc-updown-5m-1781090700,236.1,0.133014,TOO_WIDE,0.495,0.495,0.01,100.0,100.0,0.0,-0.01116667,0.0,1.235862,236.1,11,2,SKIP,0.603515,-0.0531,MEDIUM,SKIP,0.603515,-0.0531,MEDIUM,LOSE,YES
0x7464d80382e80c432c1ca46a5adec9456061e32ed9e749b7b77ff9752a3c3f55,2026-06-11T02:12:30.648917+00:00,btc-updown-5m-1781143800,149.4,0.129704,TOO_WIDE,0.495,0.495,0.01,100.0,100.0,0.0,-0.00983333,0.0,0.092166,149.4,2,3,ENTER,0.664926,0.11,HIGH,SKIP,0.664926,0.11,HIGH,WIN,YES
0x749c84d0487e3530e14a42eeff65ba08d65cfd4cebe78a7518ca5fac14d69647,2026-06-09T17:51:14.716317+00:00,btc-updown-5m-1781027400,225.3,0.134377,TOO_WIDE,0.495,0.495,0.01,100.0,100.0,0.0,0.0105,0.0,0.474239,225.3,17,1,SKIP,0.381339,-0.6432,LOW,SKIP,0.381339,-0.6432,LOW,WIN,YES
0x74f374f0c6987d622a23665702422c224121bc83fe6a80e87282cda795c61bdc,2026-06-08T12:01:08.383245+00:00,btc-updown-5m-1780920000,231.6,0.129472,TOO_WIDE,0.01,0.01,0.88,667.38,143.81,0.645427,-0.00466667,0.0,0.557067,231.6,12,0,SKIP,0.468066,0.4612,LOW,SKIP,0.417402,0.4099,LOW,LOSE,YES
0x7833e76c74e59d9e5d2b78b01c9b222004f58288897274971add3996fbd1d558,2026-06-11T03:30:09.348384+00:00,btc-updown-5m-1781148600,290.7,0.15116,TOO_WIDE,0.01,0.01,0.5,20.22,579.25,-0.932555,-0.013,0.0,0.270204,290.7,3,3,SKIP,0.326667,0.318,LOW,SKIP,0.397825,0.39,LOW,LOSE,NO
0x7b7b30abe51739d5cf0841fc15846fc66ad003bc6c7f51d63cbfaba2ae630d61,2026-06-11T00:58:28.815963+00:00,btc-updown-5m-1781139300,91.2,0.127149,TOO_WIDE,0.01,0.01,0.73,343.24,136.54,0.430835,-0.009,0.0,0.294826,91.2,0,3,SKIP,0.362514,0.3543,LOW,SKIP,0.308268,0.2993,LOW,WIN,YES
0x7ca00782a3c4f9c898ff8e764ad451dc46081d15757acaa3384b672317c3e077,2026-06-09T14:20:29.582323+00:00,btc-updown-5m-1781014800,270.4,0.126132,TOO_WIDE,0.01,0.01,0.47,99.83,773.9,-0.771482,-0.01866667,0.0,0.349779,270.4,14,1,SKIP,0.316813,0.308,LOW,SKIP,0.342943,0.3345,LOW,WIN,NO
0x7da40e8382bbb42ef3565cc5b900159be5453de0623422fa81893ba42eaa1115,2026-06-10T14:23:46.171305+00:00,btc-updown-5m-1781101200,73.8,0.123142,TOO_WIDE,0.01,0.01,0.91,724.93,179.36,0.60331,-0.00433333,0.0,0.702728,73.8,14,2,SKIP,0.341148,0.3326,LOW,SKIP,0.310447,0.3015,LOW,WIN,YES
0x80575fb69ff01c5cbe88c8d16ad6bcc727e5fe463f5c3693009c05bac73fcd06,2026-06-11T13:39:13.048013+00:00,btc-updown-5m-1781184900,47.0,0.140172,TOO_WIDE,0.01,0.01,0.67,214.45,11.55,0.897787,-0.01333333,0.0,0.620794,47.0,13,3,SKIP,0.348067,0.3396,LOW,SKIP,0.294106,0.285,LOW,WIN,YES
0x808190603fd5557a9def48a7e850ffedf3e72b958dc19c502571e1ab160eddf5,2026-06-10T06:55:10.444250+00:00,btc-updown-5m-1781074500,289.6,0.354941,TOO_WIDE,0.01,0.01,0.52,60.78,228.38,-0.579633,-0.01533333,0.0,0.290813,289.6,6,2,SKIP,0.301482,0.2925,LOW,SKIP,0.341611,0.3331,LOW,WIN,NO
0x8089aa5d653d4d037dd9d165e01fb4ed74a82facf4ae578dd8c6f01d6ca1650d,2026-06-10T19:15:44.628406+00:00,btc-updown-5m-1781118900,255.4,0.123261,TOO_WIDE,0.01,0.01,0.59,50.79,1086.14,-0.910659,-0.01766667,0.0,0.529101,255.4,19,2,SKIP,0.294106,0.285,LOW,SKIP,0.348067,0.3396,LOW,WIN,NO
0x816dd996476959ec25cbed5aecd392651989f9c426525083f5f67fd3d53bc81c,2026-06-11T03:05:10.262206+00:00,btc-updown-5m-1781147100,289.7,0.12355,TOO_WIDE,0.01,0.01,0.55,59.11,540.53,-0.802837,-0.015,0.0,0.23646,289.7,3,3,SKIP,0.326667,0.318,LOW,SKIP,0.380947,0.373,LOW,WIN,NO
0x864e0f01648ace4627783973fa38d56cb60b257ae6d6482c9e27f21a6dca8669,2026-06-10T13:42:35.343436+00:00,btc-updown-5m-1781098800,144.7,0.161273,TOO_WIDE,0.01,0.01,0.2,29.82,1748.84,-0.966469,-0.02733333,0.0,1.040497,144.7,13,2,SKIP,0.294106,0.285,LOW,SKIP,0.348067,0.3396,LOW,LOSE,NO
0x86cf5dc2436378bf353f78d67867cebc0943043389a9a6a9bcb10caabb0784a7,2026-06-09T14:18:34.194773+00:00,btc-updown-5m-1781014500,85.8,0.14362,TOO_WIDE,0.01,0.01,0.14,272.85,550.62,-0.337313,-0.028,0.0,0.579112,85.8,14,1,SKIP,0.310426,0.3015,LOW,SKIP,0.385923,0.378,LOW,WIN,NO
0x8770d2a6951c68c6b74af3b76972947f9d91de64989ed1ffcb7904ea161897fb,2026-06-10T22:37:21.684230+00:00,btc-updown-5m-1781130900,158.3,0.136735,TOO_WIDE,0.01,0.01,0.62,420.79,393.43,0.033607,-0.01366667,0.0,0.535275,158.3,22,2,SKIP,0.352712,0.3444,LOW,SKIP,0.29875,0.2897,LOW,WIN,YES
0x897b553a07287b4f8f2355713f46baf6509df855adcedb0b17eb0b27db205127,2026-06-07T22:12:02.930815+00:00,btc-updown-5m-1780870200,177.1,0.14851,TOO_WIDE,0.01,0.01,0.92,1498.53,113.13,0.859607,-0.00266667,0.0,0.317024,177.1,22,6,SKIP,0.351429,0.3431,LOW,SKIP,0.310754,0.3019,LOW,WIN,YES
0x8d80cfaf278eea5932f08635e168bb216bb38f92a75d68139c4e63883fecb0f8,2026-06-07T19:11:45.087723+00:00,btc-updown-5m-1780859400,194.9,0.120845,TOO_WIDE,0.01,0.01,0.92,2561.02,11.36,0.991168,-0.00266667,0.0,0.703452,194.9,19,6,SKIP,0.354859,0.3465,LOW,SKIP,0.299755,0.2907,LOW,WIN,YES
0x8deb7f6473bd37d3bfd06db647a8444255133a488da6e739b4d5d7eca686238f,2026-06-11T03:10:17.312160+00:00,btc-updown-5m-1781147400,282.7,0.124495,TOO_WIDE,0.01,0.01,0.5,761.19,263.38,0.485874,-0.01866667,0.0,0.201066,282.7,3,3,SKIP,0.385199,0.3773,LOW,SKIP,0.314144,0.3053,LOW,LOSE,YES
0x8df0ad528870376d3ed8a5cb08e0855a834446d76d970d737e9cf6fdf6dad106,2026-06-10T20:43:59.373884+00:00,btc-updown-5m-1781124000,60.6,0.159986,TOO_WIDE,0.01,0.01,0.18,39.71,967.54,-0.921145,-0.01133333,0.0,0.128834,60.6,20,2,SKIP,0.469369,0.4625,LOW,SKIP,0.451891,0.4448,LOW,LOSE,YES
0x8ed4979945960324494ecfb9d2a4581c8dfb1bcb6518858ed7f8c0c45a6c829e,2026-06-08T12:15:14.382746+00:00,btc-updown-5m-1780920900,285.6,0.185274,TOO_WIDE,0.01,0.01,0.73,791.89,36.2,0.912572,-0.00933333,0.0,2.007329,285.6,12,0,SKIP,0.491428,0.4849,LOW,SKIP,0.40283,0.3951,LOW,WIN,YES
0x8f0291862e0cbce5a0da74aba557b1c78c03f9e45d61cd9ef886ad55ca5ed976,2026-06-10T14:58:37.076964+00:00,btc-updown-5m-1781103300,82.9,0.134462,TOO_WIDE,0.01,0.01,0.81,1089.71,127.84,0.789999,-0.00666667,0.0,0.693211,82.9,14,2,SKIP,0.32991,0.3213,LOW,SKIP,0.304858,0.2959,LOW,WIN,YES
0x9054e4ef74780e838e9118b2e2b5a4ddc84199b4419408fb2d57fcad628569ac,2026-06-11T03:15:36.473697+00:00,btc-updown-5m-1781147700,263.5,0.123086,TOO_WIDE,0.01,0.01,0.53,678.01,111.27,0.718046,-0.016,0.0,0.245954,263.5,3,3,SKIP,0.366742,0.3586,LOW,SKIP,0.338773,0.3302,LOW,WIN,YES
0x924a794dede5b2d5d89826f6ae69f4b8c8ccbb5adf29252435a377d0cf4355cf,2026-06-11T02:55:17.622515+00:00,btc-updown-5m-1781146500,282.4,0.140036,TOO_WIDE,0.01,0.01,0.67,483.4,163.21,0.49518,-0.018,0.0,0.29971,282.4,2,3,SKIP,0.380608,0.3726,LOW,SKIP,0.325361,0.3166,LOW,WIN,YES
0x94156ca3d5dafaeecbf3d153bf2b6f635e70f62c223c0e06d10a0bb3ca4baf6e,2026-06-08T12:05:13.478843+00:00,btc-updown-5m-1780920300,286.5,0.189809,TOO_WIDE,0.01,0.01,0.55,21.19,91.87,-0.625075,-0.01133333,0.0,0.679044,286.5,12,0,SKIP,0.384997,0.3771,LOW,SKIP,0.481186,0.4745,LOW,LOSE,NO
0x9429b6273c8089df87b5fae855a05339ff8f7b63a35eddce7bc7fd96216f23f6,2026-06-10T06:30:04.877757+00:00,btc-updown-5m-1781073000,295.1,0.181622,TOO_WIDE,0.01,0.01,0.52,55.84,416.06,-0.763359,0.0,0.0,0.216982,295.1,6,2,SKIP,0.300155,0.2911,LOW,SKIP,0.340087,0.3316,LOW,WIN,NO
0x9460af5194bebb463adc5828d8001c4dd98931c2b37f09af0aa5249930579ae7,2026-06-11T02:18:54.357964+00:00,btc-updown-5m-1781144100,65.6,0.141965,TOO_WIDE,0.01,0.01,0.91,931.09,14.4,0.969547,-0.002,0.0,0.196335,65.6,2,3,SKIP,0.373984,0.3659,LOW,SKIP,0.302553,0.2935,LOW,WIN,YES
0x9570ed1a04dcf5d52a6fb82716cdef8927f14aca8624010a63936a5143a7298b,2026-06-11T00:42:25.734374+00:00,btc-updown-5m-1781138400,154.3,0.122451,TOO_WIDE,0.01,0.01,0.87,1869.73,17.94,0.980995,-0.00333333,0.0,0.877047,154.3,0,3,SKIP,0.380155,0.3721,LOW,SKIP,0.324867,0.3161,LOW,WIN,YES
0x961b1750bdaa7164d7ae694451e2f1a161dbaecda8888ff50884724ca4a7aaa7,2026-06-09T19:07:05.603967+00:00,btc-updown-5m-1781031900,174.4,0.126977,TOO_WIDE,0.01,0.01,0.12,94.44,1537.02,-0.884224,-0.02866667,0.0,0.36873,174.4,19,1,SKIP,0.316813,0.308,LOW,SKIP,0.358319,0.35,LOW,WIN,NO
0x96dfcde59fc07148fb5da99dba86ed06b47a50c72bc4715e997b387450c65b45,2026-06-08T11:06:37.096458+00:00,btc-updown-5m-1780916700,202.9,0.17807,TOO_WIDE,0.01,0.01,0.38,43.09,510.71,-0.844401,-0.01066667,0.0,0.284743,202.9,11,0,SKIP,0.40283,0.3951,LOW,SKIP,0.491428,0.4849,LOW,LOSE,NO
0x978bddfa84f69586927d0af11884106fc8d4e40c765512cdeb92f183a75690ee,2026-06-07T06:36:21.116132+00:00,btc-updown-5m-1780814100,218.9,0.145784,TOO_WIDE,0.495,0.495,0.01,100.0,100.0,0.0,-0.00316667,0.0,0.558855,218.9,6,6,SKIP,0.607144,-0.0435,MEDIUM,SKIP,0.607144,-0.0435,MEDIUM,WIN,YES
0x9a0a501d0cd6c3ed9cb8aa76c6f825d4f909bfbd26e7e69a449b46c5322bb976,2026-06-10T19:25:33.383205+00:00,btc-updown-5m-1781119500,266.6,0.146611,TOO_WIDE,0.01,0.01,0.63,431.58,464.56,-0.036804,-0.013,0.0,0.49854,266.6,19,2,SKIP,0.29875,0.2897,LOW,SKIP,0.352712,0.3444,LOW,LOSE,NO
0xa17394e76bd7a40bab908c71ac823e421392af390279eab252b2ce70f744f892,2026-06-11T04:20:06.980554+00:00,btc-updown-5m-1781151600,293.0,0.477618,TOO_WIDE,0.01,0.01,0.42,194.2,269.27,-0.161963,-0.01866667,0.0,0.607541,293.0,4,3,SKIP,0.331903,0.3233,LOW,SKIP,0.412249,0.4047,LOW,WIN,NO
0xa34428c9a793c7767ca161df46e4218c173232111947e2a436bfcdf8213da859,2026-06-08T09:16:50.369324+00:00,btc-updown-5m-1780910100,189.6,0.22541,TOO_WIDE,0.01,0.01,0.61,190.11,197.0,-0.017802,-0.01133333,0.0,0.291779,189.6,9,0,SKIP,0.41929,0.4118,LOW,SKIP,0.510751,0.5044,LOW,LOSE,NO
0xa39ca3c3441fec98141ee869078728f218f57989b13cd1872dd13075e2078fb3,2026-06-08T09:03:02.641519+00:00,btc-updown-5m-1780909200,117.4,0.120189,TOO_WIDE,0.01,0.01,0.9,1293.76,48.69,0.927463,-0.003,0.0,0.253774,117.4,9,0,SKIP,0.500072,0.4936,LOW,SKIP,0.410632,0.403,LOW,WIN,YES
0xa44d01f9876f9c9ede70bcd9eb36102db6d725921a392099a774e4b5ea10e220,2026-06-10T21:25:43.312934+00:00,btc-updown-5m-1781126700,256.7,0.121515,TOO_WIDE,0.01,0.01,0.59,517.72,558.09,-0.037521,-0.013,0.0,0.350042,256.7,21,2,SKIP,0.29875,0.2897,LOW,SKIP,0.352712,0.3444,LOW,LOSE,NO
0xa4842e2aa4babdc4c3759ab5c8dfc3d0edd8001f2bfa42ac22fcbd57c858d5fd,2026-06-10T14:51:10.039455+00:00,btc-updown-5m-1781103000,230.0,0.124571,TOO_WIDE,0.01,0.01,0.55,254.38,708.77,-0.471782,-0.016,0.0,0.868313,230.0,14,2,SKIP,0.29875,0.2897,LOW,SKIP,0.356572,0.3483,LOW,WIN,NO
0xa5f11d49d7fc64af13e580f996c6cfe91c329e84c8eafab3d968fb6ff4b67874,2026-06-09T16:56:48.154858+00:00,btc-updown-5m-1781024100,191.8,0.127472,TOO_WIDE,0.01,0.01,0.81,583.83,169.1,0.550824,-0.00666667,0.0,1.189876,191.8,16,1,SKIP,0.341125,0.3326,LOW,SKIP,0.316813,0.308,LOW,WIN,YES
0xa6019f9930410183eccf2353a435adf2b95b8052acfccf312f21a01627032006,2026-06-10T15:08:55.508227+00:00,btc-updown-5m-1781103900,64.5,0.183578,TOO_WIDE,0.01,0.01,0.03,11.51,9819.08,-0.997658,-0.03166667,0.0,0.774536,64.5,15,2,SKIP,0.285572,0.2763,LOW,SKIP,0.337751,0.3292,LOW,WIN,NO
0xa656eb026800eb8117c0d236aa73ce083b37c883ffe0ed531100756d85437234,2026-06-11T01:39:03.976437+00:00,btc-updown-5m-1781141700,56.0,0.154817,TOO_WIDE,0.01,0.01,0.9,1013.74,109.57,0.804923,-0.00266667,0.0,0.435229,56.0,1,3,SKIP,0.344563,0.3361,LOW,SKIP,0.318302,0.3095,LOW,WIN,YES
0xa903a17b00ff7948d3bacfd22fe6ee4c00b32b8b2e97b8ee55b8d3ee30d23230,2026-06-10T22:51:03.683929+00:00,btc-updown-5m-1781131800,236.3,0.13337,TOO_WIDE,0.01,0.01,0.5,714.35,385.18,0.29938,-0.016,0.0,0.502511,236.3,22,2,SKIP,0.371352,0.3632,LOW,SKIP,0.29875,0.2897,LOW,WIN,YES
0xaa118412ff364a5f7fde29289bb07f408ccb29f96142a7215deb32f01a73d57a,2026-06-09T23:53:17.828216+00:00,btc-updown-5m-1781049000,102.2,0.131397,TOO_WIDE,0.01,0.01,0.98,1081.06,13.39,0.975529,-0.0,0.0,0.373021,102.2,23,1,SKIP,0.380196,0.3722,LOW,SKIP,0.321055,0.3123,LOW,WIN,YES
0xaeaf027fb4748ab73e48af5d2b0616c8424125677f6a7caa418c1ad7c9b30a53,2026-06-08T12:57:14.435413+00:00,btc-updown-5m-1780923300,165.6,0.18059,TOO_WIDE,0.01,0.01,0.89,5184.81,14.71,0.994342,-0.00366667,0.0,0.673672,165.6,12,0,SKIP,0.508579,0.5022,LOW,SKIP,0.418379,0.4109,LOW,WIN,YES
0xb2311fe2c0663fe76eb229bc8824c427068df9c74f83f64429e4b04f27ba18b0,2026-06-11T02:41:37.368254+00:00,btc-updown-5m-1781145600,202.6,0.121207,TOO_WIDE,0.01,0.01,0.63,590.03,228.53,0.441636,-0.01233333,0.0,0.545644,202.6,2,3,SKIP,0.380608,0.3726,LOW,SKIP,0.318781,0.31,LOW,WIN,YES
0xb5c96cfb0f9fbe7df1d1bddf638a9a368b10eaa2e8c05946de94648887ea3216,2026-06-11T02:01:21.108141+00:00,btc-updown-5m-1781143200,218.9,0.123186,TOO_WIDE,0.01,0.01,0.64,16.83,387.81,-0.916824,-0.01566667,0.0,0.721285,218.9,2,3,SKIP,0.326667,0.318,LOW,SKIP,0.382248,0.3743,LOW,LOSE,NO
0xb6bfc34c8e6f884e34fc3f2d866cb3c53b6a407e210c3498e4f9db97b2b63791,2026-06-11T04:05:02.401884+00:00,btc-updown-5m-1781150700,297.6,0.491301,TOO_WIDE,0.01,0.01,0.46,154.81,407.92,-0.449787,0.0,0.0,0.639087,297.6,4,3,SKIP,0.337262,0.3287,LOW,SKIP,0.394391,0.3866,LOW,LOSE,NO
0xb771ff819f156772e4a008f3ad450b5c7df3827c25a51a12a38a76ea5772c687,2026-06-07T12:43:10.807845+00:00,btc-updown-5m-1780836000,109.2,0.249835,TOO_WIDE,0.495,0.495,0.01,100.0,100.0,0.0,-0.01616667,0.0,0.631782,109.2,12,6,SKIP,0.603515,-0.0531,MEDIUM,SKIP,0.603515,-0.0531,MEDIUM,LOSE,YES
0xb8019b32204dd5927fa279157e105fe21672098af3cf1768c6e345682f3c21ba,2026-06-10T22:07:17.129558+00:00,btc-updown-5m-1781129100,162.9,0.122337,TOO_WIDE,0.01,0.01,0.72,1490.6,94.21,0.881107,-0.00933333,0.0,0.988837,162.9,22,2,SKIP,0.344701,0.3362,LOW,SKIP,0.304858,0.2959,LOW,WIN,YES
0xb80856f8d3c9461ac649ab70713f13c12559501b1b655adf9667358aabab4f33,2026-06-09T19:18:45.398842+00:00,btc-updown-5m-1781032500,74.6,0.133178,TOO_WIDE,0.01,0.01,0.65,47.21,117.26,-0.425907,-0.01766667,0.0,0.264069,74.6,19,1,SKIP,0.293571,0.2844,LOW,SKIP,0.383949,0.376,LOW,WIN,NO
0xb9866b191a71a1e0491349b2c2ebdb64954bd42f28bfcda668828663e20bd0ef,2026-06-09T16:23:47.335349+00:00,btc-updown-5m-1781022000,72.7,0.16577,TOO_WIDE,0.01,0.01,0.96,8616.12,24.29,0.994378,-0.001,0.0,0.645338,72.7,16,1,SKIP,0.373628,0.3655,LOW,SKIP,0.315498,0.3067,LOW,WIN,YES
0xbc469ac83a6ebf5e9d81fc7fb659c18ed84f13db41e0b5c3fdc4260661e76797,2026-06-08T15:18:31.445412+00:00,btc-updown-5m-1780931700,88.6,0.122882,TOO_WIDE,0.01,0.01,0.02,87.93,6006.33,-0.971144,-0.03266667,0.0,0.323991,88.6,15,0,SKIP,0.405337,0.3977,LOW,SKIP,0.465392,0.4585,LOW,WIN,NO
0xbda4444f954d2323a865c213a4b5cfdd971b910da6aabfcd6360445549c942ef,2026-06-10T10:15:04.597334+00:00,btc-updown-5m-1781086500,295.4,0.132167,TOO_WIDE,0.01,0.01,0.46,409.44,202.65,0.337838,0.0,0.0,1.010492,295.4,10,2,SKIP,0.379067,0.371,LOW,SKIP,0.304914,0.2959,LOW,LOSE,YES
0xbdee27921e0b502d4a077e535d02e12816bbf7291137e516a2bdea8f2e8c858b,2026-06-11T03:35:51.366109+00:00,btc-updown-5m-1781148900,248.6,0.596232,TOO_WIDE,0.01,0.01,0.52,76.31,118.56,-0.216821,-0.01633333,0.0,0.2821,248.6,3,3,SKIP,0.340579,0.3321,LOW,SKIP,0.414593,0.407,LOW,WIN,NO
0xbf10105f9afbd871f35849b2d21ac5365047c9c8e76ca28eeef1b6ba609592ee,2026-06-09T16:25:40.001278+00:00,btc-updown-5m-1781022300,260.0,0.129003,TOO_WIDE,0.01,0.01,0.61,51.07,19.46,0.448182,-0.01233333,0.0,0.524713,260.0,16,1,SKIP,0.353712,0.3454,LOW,SKIP,0.296389,0.2873,LOW,LOSE,YES
0xc0224ed469a31c55f056bc3cd132e5cde4d88abc49ddbcdd10b352f4dce35e38,2026-06-10T06:45:03.035735+00:00,btc-updown-5m-1781073900,297.0,0.523681,TOO_WIDE,0.01,0.01,0.5,58.77,145.25,-0.423897,0.0,0.0,0.294925,297.0,6,2,SKIP,0.288416,0.2792,LOW,SKIP,0.377122,0.3691,LOW,LOSE,NO
0xc0c7f10e3f23f3b9b517e005c868cdeb9c00fb47fc40974d317cfb9475142e1a,2026-06-09T18:45:59.220546+00:00,btc-updown-5m-1781030700,240.8,0.126742,TOO_WIDE,0.01,0.01,0.76,934.12,261.54,0.562517,-0.008,0.0,0.415776,240.8,18,1,SKIP,0.341125,0.3326,LOW,SKIP,0.310426,0.3015,LOW,WIN,YES
0xc208b94d1563fe6c0037f612c39027dd05efa38d4e70980560081b2c4399d4ae,2026-06-09T16:45:19.889912+00:00,btc-updown-5m-1781023500,280.1,0.13282,TOO_WIDE,0.01,0.01,0.59,311.01,506.62,-0.239235,-0.01333333,0.0,1.038099,280.1,16,1,SKIP,0.310426,0.3015,LOW,SKIP,0.385923,0.378,LOW,LOSE,NO
0xc2341a18aab8b51883b42d0756a84c4db4e5e55cef308a9e864b0990adf4487e,2026-06-09T15:02:23.300117+00:00,btc-updown-5m-1781017200,156.7,0.126589,TOO_WIDE,0.01,0.01,0.19,76.25,707.78,-0.805483,-0.02633333,0.0,0.520691,156.7,15,1,SKIP,0.316813,0.308,LOW,SKIP,0.336157,0.3276,LOW,WIN,NO
0xc8fb3ae4474f9a1eafc01d7fbc892c0698229b23f31a64e1fc42cbd292fb2d43,2026-06-08T12:22:48.048681+00:00,btc-updown-5m-1780921200,132.0,0.133035,TOO_WIDE,0.01,0.01,0.71,301.51,40.92,0.761006,-0.00666667,0.0,0.558196,132.0,12,0,SKIP,0.47227,0.4655,LOW,SKIP,0.40283,0.3951,LOW,WIN,YES
0xcbb5d77c6455384e541030c93c02ba77a6aae41cd90659e3fef550a5ed61fd13,2026-06-08T13:46:41.444444+00:00,btc-updown-5m-1780926300,198.6,0.125672,TOO_WIDE,0.01,0.01,0.84,1911.35,253.54,0.765773,-0.005,0.0,0.712314,198.6,13,0,SKIP,0.468066,0.4612,LOW,SKIP,0.409156,0.4015,LOW,WIN,YES
0xcc80468e75f4b3edbad37cc9cd573777b6a6dadb783d733ed6b810d4de54b761,2026-06-10T13:37:13.680648+00:00,btc-updown-5m-1781098500,166.3,0.172934,TOO_WIDE,0.01,0.01,0.93,1873.76,92.73,0.905694,-0.00166667,0.0,0.457198,166.3,13,2,SKIP,0.355992,0.3477,LOW,SKIP,0.314765,0.3059,LOW,WIN,YES
0xcd632ff85279de6291456fc88f3a887917af4c5c60982e6b0104ae25c0d288e1,2026-06-09T13:40:49.727438+00:00,btc-updown-5m-1781012400,250.3,0.19187,TOO_WIDE,0.01,0.01,0.49,692.01,227.55,0.505095,-0.01633333,0.0,0.463916,250.3,13,1,SKIP,0.353773,0.3454,LOW,SKIP,0.310426,0.3015,LOW,WIN,YES
0xcdc1853101ae3c2773d480e8f5ea1b0021387dbc9f638cc66529bff3c2b1f5b2,2026-06-10T19:30:43.512942+00:00,btc-updown-5m-1781119800,256.5,0.158622,TOO_WIDE,0.01,0.01,0.52,583.45,614.46,-0.02589,-0.01666667,0.0,0.473158,256.5,19,2,SKIP,0.29875,0.2897,LOW,SKIP,0.352712,0.3444,LOW,LOSE,NO
0xcde6cc3aef6d04c354738f6eb5f0d4ae704c64025903c2c2fb89f5e3831aeded,2026-06-08T08:58:48.537692+00:00,btc-updown-5m-1780908900,71.5,0.160182,TOO_WIDE,0.01,0.01,0.82,516.05,100.56,0.673834,-0.00666667,0.0,0.261336,71.5,8,0,SKIP,0.455578,0.4485,LOW,SKIP,0.40573,0.3981,LOW,WIN,YES
0xcf036aae52b6a35126c0c485b3e16a80ceea7144d60dc4145773bce7d992ac6b,2026-06-07T06:17:33.354093+00:00,btc-updown-5m-1780812900,146.6,0.174254,TOO_WIDE,0.01,0.01,0.88,817.97,43.8,0.898359,-0.004,0.0,0.222817,146.6,6,6,SKIP,0.346964,0.3385,LOW,SKIP,0.293191,0.2841,LOW,WIN,YES
0xcf2cc0228d97dc14bab951f73431c83516da9f6428b00e8d252fa2a86d2ead29,2026-06-11T04:25:02.232603+00:00,btc-updown-5m-1781151900,297.8,0.430793,TOO_WIDE,0.01,0.01,0.25,86.35,420.11,-0.65902,0.0,0.0,0.214437,297.8,4,3,SKIP,0.337262,0.3287,LOW,SKIP,0.357898,0.3496,LOW,LOSE,NO
0xcf2e4a52c2cffd8ca3758c7f59201d39c8a17149a1bd049e27022811d7e0017d,2026-06-10T07:05:55.648963+00:00,btc-updown-5m-1781075100,244.4,0.185231,TOO_WIDE,0.01,0.01,0.43,618.27,414.08,0.19779,-0.01833333,0.0,0.604644,244.4,7,2,SKIP,0.380752,0.3728,LOW,SKIP,0.306266,0.2973,LOW,WIN,YES
0xcf35a89696673902eb34a22710e1862a43aa0791698e1913381b08b5cbf73a64,2026-06-11T03:40:06.983761+00:00,btc-updown-5m-1781149200,293.0,0.475882,TOO_WIDE,0.01,0.01,0.48,173.98,450.44,-0.442757,-0.01466667,0.0,0.709835,293.0,3,3,SKIP,0.331903,0.3233,LOW,SKIP,0.396131,0.3883,LOW,WIN,NO
0xcfa56383dbec78b62cfb45b2aa72677fae9f999ba9dad1371c688557458db4a7,2026-06-10T10:56:40.297291+00:00,btc-updown-5m-1781088900,199.7,0.169358,TOO_WIDE,0.01,0.01,0.47,291.2,565.66,-0.320308,-0.01533333,0.0,0.237893,199.7,10,2,SKIP,0.306266,0.2973,LOW,SKIP,0.380752,0.3728,LOW,LOSE,NO
0xcfb8d0fd408220762774f6a6bedb2df98562312dce1f1991c7310472ac928b44,2026-06-11T04:35:09.477634+00:00,btc-updown-5m-1781152500,290.5,0.143669,TOO_WIDE,0.01,0.01,0.49,624.75,128.57,0.658667,-0.01633333,0.0,0.267115,290.5,4,3,SKIP,0.366742,0.3586,LOW,SKIP,0.338773,0.3302,LOW,WIN,YES
0xd0a60a4f0457112909c4a642b13bdeb203e2245614136a3580e777e2fb9c8d0c,2026-06-10T21:15:07.184474+00:00,btc-updown-5m-1781126100,292.8,0.134058,TOO_WIDE,0.01,0.01,0.57,170.57,336.67,-0.327474,-0.013,0.0,0.271869,292.8,21,2,SKIP,0.304858,0.2959,LOW,SKIP,0.371352,0.3632,LOW,LOSE,NO
0xd17fdbd7240f390de21a52de23a50760e0538fb34c5d0380b5e2e97ff11ead6b,2026-06-11T03:50:06.983510+00:00,btc-updown-5m-1781149800,293.0,0.201875,TOO_WIDE,0.495,0.495,0.01,100.0,100.0,0.0,0.00116667,0.0,0.704797,293.0,3,3,SKIP,0.611771,-0.0312,MEDIUM,SKIP,0.611771,-0.0312,MEDIUM,WIN,YES
0xd46b81d3af7c99ca55f4748bcb572a9077e3283f6d71ba4b3a34fec73c3fb222,2026-06-07T01:04:04.246538+00:00,btc-updown-5m-1780794000,55.8,0.156753,TOO_WIDE,0.01,0.01,0.96,8653.97,72.18,0.983458,0.0,0.0,0.183755,55.8,1,6,SKIP,0.347487,0.3391,LOW,SKIP,0.310519,0.3016,LOW,WIN,YES
0xd527e2f8370ee5eddda41523d7eaf204ff11b8286c7cdaaa735841ce0316f2e2,2026-06-08T13:40:03.785825+00:00,btc-updown-5m-1780926000,296.2,0.129934,TOO_WIDE,0.01,0.01,0.51,28.59,450.84,-0.880739,0.0,0.0,0.232971,296.2,13,0,SKIP,0.422836,0.4154,LOW,SKIP,0.513438,0.5072,LOW,LOSE,NO
0xd55c0f61a04c36e8f279f663b7871578c503a0e042069442bf13f1621902f94a,2026-06-07T05:18:01.159099+00:00,btc-updown-5m-1780809300,118.8,0.120308,TOO_WIDE,0.01,0.01,0.89,430.87,67.13,0.730404,-0.00666667,0.0,0.290034,118.8,5,6,SKIP,0.356295,0.348,LOW,SKIP,0.306187,0.2972,LOW,WIN,YES
0xd8cd00474e3ea501a4a70da7192e3b4721f6357b4fa5652f9c593ef360a72e51,2026-06-07T22:20:53.143942+00:00,btc-updown-5m-1780870800,246.9,0.182005,TOO_WIDE,0.01,0.01,0.49,201.24,201.16,0.000203,0.0,0.0,0.45,246.9,22,6,SKIP,0.309843,0.3009,LOW,SKIP,0.309843,0.3009,LOW,LOSE,YES
0xd99b05513bf85ca60fdd6ce9610c036567dc712a4241821d6cd0afa47d9912f4,2026-06-08T09:46:08.113321+00:00,btc-updown-5m-1780911900,231.9,0.145199,TOO_WIDE,0.01,0.01,0.62,1150.98,88.57,0.857098,-0.01166667,0.0,0.357428,231.9,9,0,SKIP,0.498226,0.4917,LOW,SKIP,0.427672,0.4203,LOW,WIN,YES
0xd9a7eb56f06f5b8cea497e9e50781e8be8fee39321b105ba19a4144f66d289e8,2026-06-10T07:00:05.953781+00:00,btc-updown-5m-1781074800,294.0,0.27732,TOO_WIDE,0.01,0.01,0.52,190.37,110.53,0.265338,-0.019,0.0,0.318442,294.0,7,2,SKIP,0.382765,0.3748,LOW,SKIP,0.312555,0.3037,LOW,WIN,YES
0xdc64ff35fe288d817800a973fdc46d112587b97de6aa9a35ca0088560346368a,2026-06-08T11:50:08.487975+00:00,btc-updown-5m-1780919400,291.5,0.155806,TOO_WIDE,0.01,0.01,0.57,197.38,369.55,-0.303701,-0.013,0.0,0.517744,291.5,11,0,SKIP,0.409156,0.4015,LOW,SKIP,0.522515,0.5163,LOW,WIN,NO
0xdd202fd7dcdadbdeb1cf5a893bcc2fa6f9ceb34aff15de08419a85677fff4925,2026-06-08T12:53:40.514759+00:00,btc-updown-5m-1780923000,79.5,0.126734,TOO_WIDE,0.01,0.01,0.64,24.83,331.98,-0.860823,-0.01266667,0.0,0.632295,79.5,12,0,SKIP,0.40283,0.3951,LOW,SKIP,0.491428,0.4849,LOW,WIN,NO
0xe15e08bc78034ceb18f1eaaaa542ad58130c976691cad80e6f64253316e931ae,2026-06-10T12:30:17.978151+00:00,btc-updown-5m-1781094600,282.0,0.161645,TOO_WIDE,0.01,0.01,0.85,546.75,28.65,0.900407,-0.005,0.0,0.32871,282.0,12,2,SKIP,0.348067,0.3396,LOW,SKIP,0.294106,0.285,LOW,WIN,YES
0xe1d6f1abc9010c4c6dd7bd92eceb663b3b70bb0c391bac9beb8e5bb2e175e550,2026-06-06T20:43:42.974458+00:00,btc-updown-5m-1780778400,77.0,0.164077,TOO_WIDE,0.01,0.01,0.33,55.51,978.36,-0.892621,-0.008,0.0,0.240081,77.0,20,5,SKIP,0.290406,0.2812,LOW,SKIP,0.343603,0.3351,LOW,LOSE,NO
0xe466620e5cacba2154558ff65601122eef53297859a2f35f6c33c2b8e227059f,2026-06-09T10:07:34.458978+00:00,btc-updown-5m-1780999500,145.5,0.138857,TOO_WIDE,0.01,0.01,0.08,68.5,1792.24,-0.92637,-0.03,0.0,0.138058,145.5,10,1,SKIP,0.487143,0.4805,LOW,SKIP,0.468498,0.4616,LOW,LOSE,YES
0xe6ec01319fdbc137ef6f21800fed6086855dcbd5c23952b21fb41ddddaa5d4f8,2026-06-09T15:46:11.592498+00:00,btc-updown-5m-1781019900,228.4,0.18553,TOO_WIDE,0.495,0.495,0.01,100.0,100.0,0.0,0.00616667,0.0,0.33105,228.4,15,1,SKIP,0.470779,-0.4057,LOW,SKIP,0.470779,-0.4057,LOW,WIN,YES
0xe86ba952aeef4ae0a8da28db4ca83ce73398f2c88c0e4a8ed0a08c6df3c524ff,2026-06-10T13:46:38.893332+00:00,btc-updown-5m-1781099100,201.1,0.134396,TOO_WIDE,0.01,0.01,0.25,105.37,901.18,-0.790639,-0.02366667,0.0,0.849934,201.1,13,2,SKIP,0.304858,0.2959,LOW,SKIP,0.32991,0.3213,LOW,LOSE,NO
0xea151334ce80aef381553340e38aa98453508320da5bbda9af875e740112a946,2026-06-07T22:15:24.662631+00:00,btc-updown-5m-1780870500,275.3,0.444307,TOO_WIDE,0.01,0.01,0.46,183.04,132.86,0.158829,-0.01733333,0.0,0.464225,275.3,22,6,SKIP,0.368554,0.3604,LOW,SKIP,0.300994,0.292,LOW,LOSE,YES
0xea930316d9cddff6dfab16ecaa6cbb93f5d4df2983d2bdfa8bf19387fdfe07b6,2026-06-10T20:02:33.662552+00:00,btc-updown-5m-1781121600,146.3,0.125846,TOO_WIDE,0.01,0.01,0.11,104.58,1192.97,-0.838808,-0.029,0.0,0.278153,146.3,20,2,SKIP,0.304858,0.2959,LOW,SKIP,0.32991,0.3213,LOW,WIN,NO
0xeb260474da446e7f4c4bc011d32e55b1b7062b59bb21ab7a5f5c65348aab23d9,2026-06-10T19:12:50.051117+00:00,btc-updown-5m-1781118600,129.9,0.124545,TOO_WIDE,0.01,0.01,0.02,28.58,5498.41,-0.989656,-0.03133333,0.0,0.433704,129.9,19,2,SKIP,0.285572,0.2763,LOW,SKIP,0.337751,0.3292,LOW,WIN,NO
0xeb36b66f6fb1fa3f5347330c02fd71bd84210e8d9c80ebbf23b12edffcb2d93e,2026-06-10T11:05:46.725800+00:00,btc-updown-5m-1781089500,253.3,0.125814,TOO_WIDE,0.01,0.01,0.67,416.06,627.1,-0.202304,-0.012,0.0,0.397469,253.3,11,2,SKIP,0.29875,0.2897,LOW,SKIP,0.371352,0.3632,LOW,LOSE,NO
0xeb8a89be3229d1e6b53ba479c7ebaad3462289193321b191d25f33bbff858ea1,2026-06-09T16:35:54.267450+00:00,btc-updown-5m-1781022900,245.7,0.128666,TOO_WIDE,0.01,0.01,0.67,466.18,358.09,0.131133,-0.011,0.0,0.274249,245.7,16,1,SKIP,0.385923,0.378,LOW,SKIP,0.310426,0.3015,LOW,WIN,YES
0xec9880645acf7a4f39da643c09e0f25b2ab4e3313041b5e8240776fca0ff71e0,2026-06-10T19:24:22.835872+00:00,btc-updown-5m-1781119200,37.2,0.13919,TOO_WIDE,0.01,0.01,0.24,29.85,1579.93,-0.962914,-0.02466667,0.0,0.560465,37.2,19,2,SKIP,0.294106,0.285,LOW,SKIP,0.348067,0.3396,LOW,LOSE,NO
0xecd305146ca88131562136378d555c9fe5723f24d5727582a30a8ec534cd2aa5,2026-06-08T13:23:35.400191+00:00,btc-updown-5m-1780924800,84.6,0.143055,TOO_WIDE,0.495,0.495,0.01,100.0,100.0,0.0,0.0135,0.0,0.948602,84.6,13,0,SKIP,0.384318,-0.6353,LOW,SKIP,0.384318,-0.6353,LOW,LOSE,YES
0xecfd78ee883b06d96dc0debc522c8f5fe5570e6c991c5bf97ae776c3155164ed,2026-06-09T15:06:21.894086+00:00,btc-updown-5m-1781017500,218.1,0.124351,TOO_WIDE,0.01,0.01,0.53,824.36,188.92,0.627113,-0.01466667,0.0,0.577116,218.1,15,1,SKIP,0.341125,0.3326,LOW,SKIP,0.310426,0.3015,LOW,WIN,YES
0xefa5790607d38aec65c6ab4e2df74ded290c4e9e5716735d0c5bae889e511450,2026-06-10T20:16:45.030652+00:00,btc-updown-5m-1781122500,195.0,0.137864,TOO_WIDE,0.01,0.01,0.6,232.6,519.89,-0.38178,-0.01266667,0.0,0.510273,195.0,20,2,SKIP,0.29875,0.2897,LOW,SKIP,0.356572,0.3483,LOW,LOSE,NO
0xefd227309a24aa513e9fc27583f9ee5a1957109f0c5a78bda6793d7a99e90a3a,2026-06-11T03:55:10.559128+00:00,btc-updown-5m-1781150100,289.4,0.270776,TOO_WIDE,0.01,0.01,0.45,180.86,436.05,-0.413647,-0.01766667,0.0,0.711469,289.4,3,3,SKIP,0.331903,0.3233,LOW,SKIP,0.396131,0.3883,LOW,LOSE,NO
0xf06d8cdc3eaba751e3342201554239fa200509c3e4eb366fc3e963115d175658,2026-06-09T19:50:07.570807+00:00,btc-updown-5m-1781034600,292.4,0.176186,TOO_WIDE,0.01,0.01,0.65,373.42,68.15,0.691342,-0.011,0.0,0.640268,292.4,19,1,SKIP,0.346293,0.3378,LOW,SKIP,0.306187,0.2972,LOW,WIN,YES
0xf0fdf47d2954a41c2a6ceaf5ee6b065cc4b8787ab1b71c272b1b32e6ea1b20b6,2026-06-11T03:25:02.284200+00:00,btc-updown-5m-1781148300,297.7,0.195384,TOO_WIDE,0.01,0.01,0.48,203.55,77.43,0.448834,0.0,0.0,0.256497,297.7,3,3,SKIP,0.38872,0.3808,LOW,SKIP,0.337262,0.3287,LOW,LOSE,YES
0xf174bcf539fe550c64f694f89120dfa9244452483bf6dc3915c1221177fdf523,2026-06-08T12:30:19.548938+00:00,btc-updown-5m-1780921800,280.5,0.130089,TOO_WIDE,0.01,0.01,0.52,915.78,221.62,0.610305,-0.01366667,0.0,1.953615,280.5,12,0,SKIP,0.468066,0.4612,LOW,SKIP,0.409156,0.4015,LOW,WIN,YES
0xf2290325ce2eaa058a52d56c711f24294137aacc45d06c1fceee2dfc73d55372,2026-06-11T13:45:21.495553+00:00,btc-updown-5m-1781185500,278.5,0.120248,TOO_WIDE,0.01,0.01,0.54,32.72,41.46,-0.117803,-0.00866667,0.0,0.786275,278.5,13,3,SKIP,0.285346,0.2761,LOW,SKIP,0.354402,0.3461,LOW,LOSE,NO
0xf24c53e24c7e6422dc4216d5b6795585e846f8277a25cf680776f6f4762225a5,2026-06-08T11:11:05.802814+00:00,btc-updown-5m-1780917000,234.2,0.217505,TOO_WIDE,0.01,0.01,0.88,1586.06,55.22,0.932714,-0.00333333,0.0,0.338965,234.2,11,0,SKIP,0.512964,0.5067,LOW,SKIP,0.4224,0.4149,LOW,WIN,YES
0xf74da012445fe06bad7a63df022a93feae0eeb82c7f929bf6b45c988174dca51,2026-06-08T15:38:13.611292+00:00,btc-updown-5m-1780932900,106.4,0.132852,TOO_WIDE,0.01,0.01,0.55,403.24,243.7,0.246606,-0.01033333,0.0,0.570405,106.4,15,0,SKIP,0.522515,0.5163,LOW,SKIP,0.409156,0.4015,LOW,LOSE,YES
0xf814273f02ae23fa31907ae61dbca118b73157baa97650b003d693e4eb91e5d6,2026-06-10T11:14:21.677604+00:00,btc-updown-5m-1781089800,38.3,0.17886,TOO_WIDE,0.495,0.495,0.01,100.0,100.0,0.0,-0.0115,0.0,1.018236,38.3,11,2,SKIP,0.603515,-0.0531,MEDIUM,SKIP,0.603515,-0.0531,MEDIUM,WIN,YES
0xfa99babaf75a9ce5d3211b2870d40f17d4b98af4fd22a0b2456369a6cf20459f,2026-06-08T12:36:42.960892+00:00,btc-updown-5m-1780922100,197.0,0.124883,TOO_WIDE,0.01,0.01,0.91,5680.55,40.18,0.985952,-0.00366667,0.0,0.674833,197.0,12,0,SKIP,0.508579,0.5022,LOW,SKIP,0.418379,0.4109,LOW,WIN,YES
0xfb6c02a915c5a58af33c87c1db98de359700dcf8f4b7b7b8bdd8a4017a6bfd17,2026-06-11T04:30:55.461387+00:00,btc-updown-5m-1781152200,244.5,0.140786,TOO_WIDE,0.01,0.01,0.6,671.89,97.99,0.74545,-0.01233333,0.0,0.277601,244.5,4,3,SKIP,0.366742,0.3586,LOW,SKIP,0.338773,0.3302,LOW,LOSE,YES
0xfdee4a0cce4939d13839ad261c57ca4536561e12605aa7e5b7ca7d3d6df0627f,2026-06-11T16:05:39.803408+00:00,btc-updown-5m-1781193900,260.2,0.144078,TOO_WIDE,0.01,0.01,0.52,385.17,1040.04,-0.459484,-0.016,0.0,0.607535,260.2,16,3,SKIP,0.29875,0.2897,LOW,SKIP,0.356572,0.3483,LOW,LOSE,NO
0xfea9bb810fc0be93aaece921569e792e389fcda554a46bc55b7667ac16b58a73,2026-06-08T15:31:11.114514+00:00,btc-updown-5m-1780932600,228.9,0.122621,TOO_WIDE,0.01,0.01,0.22,17.97,387.02,-0.91128,-0.027,0.0,0.279477,228.9,15,0,SKIP,0.40283,0.3951,LOW,SKIP,0.491428,0.4849,LOW,WIN,NO
0xff10f0256804f09bc738efcd3b6d70c15181781f2869685e07b09a4313bd3ff5,2026-06-11T04:10:09.980686+00:00,btc-updown-5m-1781151000,290.0,0.495039,TOO_WIDE,0.01,0.01,0.37,340.98,172.6,0.327857,-0.01966667,0.0,0.601285,290.0,4,3,SKIP,0.412249,0.4047,LOW,SKIP,0.338773,0.3302,LOW,WIN,YES
